Season,Name,Tm,IP,TBF,K/9,BB/9,K/BB,HR/9,K%,BB%,K-BB%,AVG,WHIP,BABIP,LOB%,FIP,xFIP,playerId
"Total","Adam Ottavino","NYY",0,0,0,0,0,0,0,0,0,0,0,0,1,3.191419792175293,3.191419792175293,1247
"Total","Oliver Perez","CLE",13,53,9.69230769,4.15384615,2.33333333,0,0.26415094,0.11320755,0.15094339,0.23913043,1.30769231,0.34375,0.77777778,2.643294548075016,4.260855696230413,1514
"Total","Sean Doolittle","2 Tms",13,65,6.92307692,6.23076923,1.11111111,2.76923077,0.15384615,0.13846154,0.01538461,0.33962264,2.07692308,0.33333333,0.8411215,7.691226515732769,7.174525158617792,1581
"Total","Matt Moore","PHI",12.1,63,8.75675676,5.83783784,1.5,2.91891892,0.19047619,0.12698413,0.06349206,0.33962264,2.10810811,0.35897436,0.58823529,7.353795374968262,5.826630107617294,1890
"Total","Ivan Nova","DET",0,0,0,0,0,0,0,0,0,0,0,0,1,3.191419792175293,3.191419792175293,1994
"Total","Clayton Kershaw","LAD",98,392,10.28571429,1.37755102,7.46666667,1.19387755,0.28571429,0.03826531,0.24744898,0.22911051,1.02040816,0.28915663,0.76650943,3.151365290868464,2.9096028369521267,2036
"Total","David Peralta","ARI",0.2,6,0,0,0,0,0,0,0,0.5,4.49999998,0.5,1,3.137579154968262,5.755865595064295,2136
"Total","Ross Detwiler","2 Tms",23.1,99,10.02857143,3.85714286,2.6,0.77142857,0.26262626,0.1010101,0.16161616,0.21348315,1.24285714,0.27868852,0.72519084,3.3343897396552027,4.266936214642419,2859
"Total","Luis Avilan","2 Tms",6.2,41,6.75000001,9.45000001,0.71428571,4.05,0.12195122,0.17073171,-0.04878049,0.34375,2.7,0.32,0.74324324,11.114499483571777,8.59833361900834,2882
"Total","Kenley Jansen","LAD",0,0,0,0,0,0,0,0,0,0,0,0,1,3.191419792175293,3.191419792175293,3096
"Total","Tony Watson","2 Tms",24.2,96,6.2027027,1.82432432,3.4,1.45945946,0.17708333,0.05208333,0.125,0.18681319,0.89189189,0.18571429,0.85365854,4.500882161218666,4.321557765160376,3132
"Total","David Price","LAD",12,51,12,3.75,3.2,0.75,0.31372549,0.09803922,0.21568627,0.26086957,1.41666667,0.37931034,0.70512821,2.8042458249682625,2.739134997874499,3184
"Total","T.J. McFarland","OAK",11.2,51,1.54285714,1.54285714,1,1.54285714,0.03921569,0.03921569,0,0.3125,1.45714286,0.29545455,0.92105263,5.848562652175294,5.768642801587266,3237
"Total","Zack Britton","NYY",15,60,6.6,2.4,2.75,0,0.18333333,0.06666667,0.11666666,0.19642857,1,0.24444444,0.66666667,2.524753122175293,3.424615753690402,3240
"Total","Jeff Samardzija","SFG",0,0,0,0,0,0,0,0,0,0,0,0,1,3.191419792175293,3.191419792175293,3254
"Total","Joe Smith","HOU",0,0,0,0,0,0,0,0,0,0,0,0,1,3.137579154968262,3.137579154968262,3281
"Total","Darren O'Day","ATL",0,0,0,0,0,0,0,0,0,0,0,0,1,3.191419792175293,3.191419792175293,3321
"Total","Anthony Rizzo","CHC",0.1,2,0,27.00000027,0,0,0,0.5,-0.5,0,3.00000003,0,1,12.137579244968261,12.137579244968265,3473
"Total","Danny Duffy","KCR",81,344,9.33333333,3.44444444,2.70967742,1,0.24418605,0.09011628,0.15406977,0.24509804,1.30864198,0.30275229,0.75471698,3.7620773077576137,4.707709525985482,3542
"Total","Yusmeiro Petit","OAK",0,0,0,0,0,0,0,0,0,0,0,0,1,3.137579154968262,3.137579154968262,4020
"Total","Hector Santiago","SEA",3.1,15,8.10000001,5.40000001,1.5,0,0.2,0.13333333,0.06666667,0.23076923,1.5,0.3,1,3.137579154968262,4.184893737290563,4026
"Total","Derek Holland","2 Tms",40.1,196,11.38016529,4.01652892,2.83333333,3.12396694,0.26020408,0.09183673,0.16836735,0.31034483,1.78512397,0.36363636,0.7400722,6.725305269632401,4.831282039881107,4141
"Total","Rafael Dolis","TOR",0,0,0,0,0,0,0,0,0,0,0,0,1,3.137579154968262,3.137579154968262,4185
"Total","Justin Wilson","2 Tms",20.2,99,11.32258065,5.22580645,2.16666667,1.30645161,0.26262626,0.12121212,0.14141414,0.27906977,1.74193548,0.36206897,0.72327044,4.280007895695539,4.415096622868537,4301
"Total","Tyler Chatwood","TOR",0,0,0,0,0,0,0,0,0,0,0,0,1,3.137579154968262,3.137579154968262,4338
"Total","Nate Jones","ATL",0,0,0,0,0,0,0,0,0,0,0,0,1,3.137579154968262,3.137579154968262,4696
"Total","Matt Shoemaker","MIN",0,0,0,0,0,0,0,0,0,0,0,0,1,3.137579154968262,3.137579154968262,4776
"Total","Rich Hill","2 Tms",83,327,8.34939759,2.4939759,3.34782609,1.08433735,0.23547401,0.07033639,0.16513762,0.20945946,1.02409639,0.24528302,0.78947368,3.8825259257518656,4.050324246000095,4806
"Total","Mike Montgomery","KCR",4.1,20,4.15384616,2.07692308,2,2.07692308,0.1,0.05,0.05,0.33333333,1.61538462,0.3125,0.35714286,5.960650562175293,5.18558563262025,4869
"Total","Scott Kazmir","SFG",5.1,20,8.43750001,0,5,1.6875,0.25,0,0.25,0.25,0.9375,0.28571429,0.55555556,3.7000791549682623,2.8990081880613214,4897
"Total","Jon Lester","2 Tms",77.2,344,6.02575107,2.89699571,2.08,1.73819742,0.15116279,0.07267442,0.07848837,0.27619048,1.44206009,0.28915663,0.77659574,5.427307994963473,5.25191150995905,4930
"Total","Cole Hamels","ATL",3,13,6,3,2,0,0.15384615,0.07692308,0.07692307,0.27272727,1.33333333,0.3,0.25,2.8580864621752937,5.429122539361319,4972
"Total","Jake Diekman","OAK",29.1,113,12.57954546,3.375,3.72727273,0.92045455,0.36283186,0.09734513,0.26548673,0.13265306,0.81818182,0.17857143,0.77981651,3.0269121827290837,3.4728971918917906,5003
"Total","Jeurys Familia","NYM",0,0,0,0,0,0,0,0,0,0,0,0,1,3.191419792175293,3.191419792175293,5114
"Total","Wade LeBlanc","BAL",21.1,99,6.328125,1.265625,5,2.953125,0.15151515,0.03030303,0.12121212,0.33333333,1.640625,0.33783784,0.67460317,6.462574672697398,4.693547172520324,5221
"Total","Jose Alvarez","2 Tms",14.1,66,7.53488372,5.02325582,1.5,1.25581395,0.18181818,0.12121212,0.06060606,0.24561404,1.53488372,0.27272727,0.78125,4.9678100469058375,5.480441289910097,5358
"Total","Madison Bumgarner","ARI",80.2,359,7.36363636,2.67768595,2.75,2.11983471,0.18384401,0.06685237,0.11699164,0.26791277,1.36363636,0.27916667,0.71734475,5.847685172441124,5.44781740896771,5524
"Total","Nik Turley","PIT",15.2,61,6.89361702,2.29787234,3,0,0.19672131,0.06557377,0.13114754,0.1509434,0.76595745,0.18604651,0.42857143,2.808441072175293,5.023908329254211,5530
"Total","Trevor Cahill","SFG",0,1,0,9,0,0,0,1,-1,0,1,0,1,6.191419792175293,6.191419792175293,6249
"Total","Chris Archer","TBR",0,0,0,0,0,0,0,0,0,0,0,0,1,3.137579154968262,3.137579154968262,6345
"Total","Jake Odorizzi","HOU",0,0,0,0,0,0,0,0,0,0,0,0,1,3.137579154968262,3.137579154968262,6397
"Total","Trevor May","NYM",0,0,0,0,0,0,0,0,0,0,0,0,1,3.137579154968262,3.137579154968262,6398
"Total","Steve Cishek","LAA",0,0,0,0,0,0,0,0,0,0,0,0,1,3.137579154968262,3.137579154968262,6483
"Total","Alex Cobb","LAA",0,0,0,0,0,0,0,0,0,0,0,0,1,3.137579154968262,3.137579154968262,6562
"Total","Brad Brach","NYM",0,0,0,0,0,0,0,0,0,0,0,0,1,3.191419792175293,3.191419792175293,6627
"Total","Carlos Carrasco","CLE",0,0,0,0,0,0,0,0,0,0,0,0,1,3.191419792175293,3.191419792175293,6632
"Total","Craig Kimbrel","CHC",0,0,0,0,0,0,0,0,0,0,0,0,1,3.191419792175293,3.191419792175293,6655
"Total","Andrew Miller","STL",12,60,7.5,4.5,1.66666667,1.5,0.16666667,0.1,0.06666667,0.35294118,2,0.41025641,0.82644628,5.921977339865487,5.883132071476898,6785
"Total","Sam Freeman","WSN",1.2,9,5.39999999,10.79999998,0.5,0,0.11111111,0.22222222,-0.11111111,0.14285714,1.8,0.16666667,1,5.591419792175293,7.905352255214851,6832
"Total","Johnny Cueto","SFG",0,0,0,0,0,0,0,0,0,0,0,0,1,3.1914197921752936,3.1914197921752936,6893
"Total","Chase Anderson","PHI",0,0,0,0,0,0,0,0,0,0,0,0,1,3.137579154968262,3.137579154968262,6895
"Total","Martin Perez","BOS",97.1,414,7.39726027,3.60616438,2.05128205,0.92465753,0.19323671,0.0942029,0.09903381,0.2479564,1.33561644,0.28825623,0.78333333,4.183097849521784,4.7922637364469525,6902
"Total","Pat Venditte","MIA",0.1,1,0,0,0,0,0,0,0,0,0,0,1,3.191419792175293,3.191419792175293,7108
"Total","Craig Stammen","SDP",0,0,0,0,0,0,0,0,0,0,0,0,1,3.191419792175293,3.191419792175293,7274
"Total","J.A. Happ","2 Tms",78.1,332,7.23829787,2.98723404,2.42307692,1.60851064,0.18975904,0.07831325,0.11144579,0.24916944,1.2893617,0.26872247,0.74340528,4.948869649891575,5.246129663219795,7410
"Total","Gio Gonzalez","CHW",22.1,107,9.67164179,4.8358209,2,2.01492537,0.22429907,0.11214953,0.11214954,0.31578947,1.88059702,0.37878788,0.8,5.564554122175293,4.294580873566847,7448
"Total","Jake McGee","2 Tms",31.1,123,14.07446809,1.72340426,8.16666667,1.72340426,0.39837398,0.04878049,0.34959349,0.18965517,0.89361702,0.25806452,0.71428571,3.099524138102029,2.8028978431122415,7550
"Total","Jordan Lyles","TEX",0,0,0,0,0,0,0,0,0,0,0,0,1,3.137579154968262,3.137579154968262,7593
"Total","Tommy Milone","3 Tms",39.1,185,9.15254237,0.91525424,10,1.83050847,0.21621622,0.02162162,0.1945946,0.34463277,1.65254237,0.40458015,0.66308244,4.245071827997149,4.089850335434213,7608
"Total","Richard Bleier","2 Tms",16.2,71,7.02,1.62,4.33333333,1.62,0.18309859,0.04225352,0.14084507,0.24242424,1.14,0.25490196,0.94936709,4.654808158870636,3.3730879057288066,7803
"Total","Hunter Strickland","LAA",0,0,0,0,0,0,0,0,0,0,0,0,1,3.137579154968262,3.137579154968262,7836
"Total","Will Smith","ATL",25.2,108,12.27272728,2.80519481,4.375,2.1038961,0.32407407,0.07407407,0.25,0.21212121,1.12987013,0.25862069,0.83333333,4.522891615660639,3.48782223270194,8048
"Total","Brett Anderson","MIL",68.2,300,5.63592233,2.3592233,2.38888889,1.31067961,0.14333333,0.06,0.08333333,0.28467153,1.39805825,0.30088496,0.78823529,4.7258882513705505,4.555392927818711,8223
"Total","Lucas Luetge","NYY",17.2,70,9.67924528,1.52830189,6.33333333,0.50943396,0.27142857,0.04285714,0.22857143,0.20895522,0.96226415,0.27659574,0.64102564,2.231918774968262,3.4721349686315275,8337
"Total","Deolis Guerra","2 Tms",0,0,0,0,0,0,0,0,0,0,0,0,1,3.1644994735717775,3.1644994735717775,8410
"Total","Wade Miley","CIN",49.2,218,7.24832215,3.62416107,2,0.72483221,0.18348624,0.09174312,0.09174312,0.25,1.38926174,0.29411765,0.71428571,3.8527561951658296,3.847052593935258,8779
"Total","Brad Hand","2 Tms",36.2,150,10.06363637,2.45454545,4.1,0.49090909,0.27333333,0.06666667,0.20666666,0.19230769,0.95454545,0.24731183,0.74585635,2.7841496745867813,4.256655203817361,9111
"Total","Nathan Eovaldi","BOS",0,0,0,0,0,0,0,0,0,0,0,0,1,3.137579154968262,3.137579154968262,9132
"Total","Patrick Corbin","WSN",95.1,433,7.26923077,3.11538462,2.33333333,1.88811189,0.1778291,0.07621247,0.10161663,0.31806616,1.65734266,0.34883721,0.73484848,5.379292215380875,4.529660262360131,9323
"Total","Josh Tomlin","ATL",0,0,0,0,0,0,0,0,0,0,0,0,1,3.137579154968262,3.137579154968262,9388
"Total","Dallas Keuchel","CHW",106,432,4.9245283,2.46226415,2,0.8490566,0.13425926,0.06712963,0.06712963,0.23809524,1.16981132,0.25449102,0.81081081,4.145123623032089,4.168138729907432,9434
"Total","Ryan Buchter","2 Tms",5.2,23,14.29411766,4.76470589,3,0,0.39130435,0.13043478,0.26086957,0.15,1.05882353,0.27272727,1,1.5810148180368104,3.493718000055998,9456
"Total","Brian Moran","2 Tms",2.2,13,13.50000003,6.75000002,2,3.37500001,0.30769231,0.15384615,0.15384616,0.27272727,1.875,0.33333333,0.83333333,7.316419802175292,4.61073148866178,9646
"Total","David Hale","PHI",0,0,0,0,0,0,0,0,0,0,0,0,1,3.1644994735717775,3.1644994735717775,9756
"Total","Garrett Richards","2 Tms",0,0,0,0,0,0,0,0,0,0,0,0,1,3.1644994735717775,3.1644994735717775,9784
"Total","Rex Brothers","CHC",10.2,47,17.71875001,3.375,5.25,2.53125,0.44680851,0.08510638,0.36170213,0.23809524,1.3125,0.38888889,0.83333333,4.2693092346065225,2.774683119764923,9794
"Total","Sergio Romo","2 Tms",0,0,0,0,0,0,0,0,0,0,0,0,1,3.1644994735717775,3.1644994735717775,9817
"Total","Chaz Roe","TBR",0,0,0,0,0,0,0,0,0,0,0,0,1,3.137579154968262,3.137579154968262,9866
"Total","Chris Rusin","ATL",1.1,7,6.75000002,6.75000002,1,6.75000002,0.14285714,0.14285714,0,0.5,3.00000001,0.5,0.76923077,13.691419822175295,5.387627592957951,9895
"Total","Mike Minor","3 Tms",98,412,10.01020408,3.21428571,3.11428571,1.83673469,0.26456311,0.08495146,0.17961165,0.22849462,1.2244898,0.26530612,0.69473684,4.7521241809313,4.3334105089389885,10021
"Total","Tyler Matzek","ATL",31.1,141,13.5,5.17021276,2.61111111,0.57446808,0.33333333,0.12765957,0.20567376,0.23333333,1.46808511,0.36111111,0.81858407,2.9126169599885166,3.5630233097052817,10058
"Total","Brooks Raley","2 Tms",24.1,108,11.46575343,2.95890411,3.875,1.47945205,0.28703704,0.07407407,0.21296297,0.23958333,1.2739726,0.30645161,0.63380282,4.106386010170786,3.5509149655914314,10061
"Total","Caleb Thielbar","MIN",28.1,121,12.38823529,3.49411765,3.54545455,0.31764706,0.32231405,0.09090909,0.23140496,0.24074074,1.30588235,0.36231884,0.87431694,2.1400199346801125,3.768713838070463,10078
"Total","Stephen Strasburg","WSN",0,0,0,0,0,0,0,0,0,0,0,0,1,3.137579154968262,3.137579154968262,10131
"Total","Shelby Miller","CHC",0,0,0,0,0,0,0,0,0,0,0,0,1,3.137579154968262,3.137579154968262,10197
"Total","Aroldis Chapman","NYY",24.2,94,17.14864865,4.01351351,4.27272727,1.09459459,0.5,0.11702128,0.38297872,0.1375,0.89189189,0.25,0.90425532,2.3840431370781645,2.072638594812397,10233
"Total","Aaron Loup","2 Tms",22.2,94,10.32352941,1.98529412,5.2,1.19117647,0.27659574,0.05319149,0.22340425,0.24705882,1.14705882,0.30508475,0.74561404,3.3937972284088516,3.597592577577358,10343
"Total","Robbie Erlin","2 Tms",20.1,86,8.40983607,1.7704918,4.75,1.7704918,0.22093023,0.04651163,0.1744186,0.24050633,1.13114754,0.26315789,0.51546392,4.765190282175293,5.337312070864167,10354
"Total","Scott Alexander","LAD",11,49,4.09090909,4.90909091,0.83333333,0.81818182,0.10204082,0.12244898,-0.02040816,0.28571429,1.63636364,0.2972973,0.84337349,5.07766921970751,4.722498948539689,10591
"Total","Trevor Rosenthal","KCR",0,0,0,0,0,0,0,0,0,0,0,0,1,3.191419792175293,3.191419792175293,10745
"Total","Mike Foltynewicz","TEX",0,0,0,0,0,0,0,0,0,0,0,0,1,3.137579154968262,3.137579154968262,10811
"Total","Asher Wojciechowski","BAL",0,0,0,0,0,0,0,0,0,0,0,0,1,3.191419792175293,3.191419792175293,10836
"Total","Adam Kolarek","2 Tms",12,61,5.25,5.25,1,1.5,0.1147541,0.1147541,0,0.35849057,2.16666667,0.37777778,0.86206897,5.920481766579826,5.590715781170407,10843
"Total","Chasen Shreve","2 Tms",20,87,12.15,2.25,5.4,2.25,0.31034483,0.05747126,0.25287357,0.25925926,1.3,0.32,0.84210526,4.475267601013184,3.5533751852810385,10855
"Total","Merrill Kelly","ARI",0,0,0,0,0,0,0,0,0,0,0,0,1,3.137579154968262,3.137579154968262,11156
"Total","Grant Dayton","ATL",26.1,121,10.93670886,3.41772152,3.2,1.70886076,0.26446281,0.08264463,0.18181818,0.26851852,1.48101266,0.32876712,0.78787879,4.464157801735118,4.628814924963785,11203
"Total","Tyler Lyons","NYY",1.1,6,0,0,0,0,0,0,0,0.2,0.75,0.2,0,5.441419802175293,8.33383539561561,11334
"Total","Jose Quintana","2 Tms",32,157,10.6875,6.1875,1.72727273,1.125,0.24203822,0.14012739,0.10191083,0.30827068,1.96875,0.39784946,0.6445993,4.462978474304721,4.388156333447144,11423
"Total","Drew Pomeranz","SDP",21,88,13.28571429,5.14285714,2.58333333,0.85714286,0.35227273,0.13636364,0.21590909,0.2,1.28571429,0.30232558,0.90909091,3.174327526386737,3.2043453039545553,11426
"Total","Jesse Biddle","2 Tms",6.2,35,9.45000001,9.45000001,1,1.35,0.2,0.2,0,0.33333333,2.25,0.36842105,0.68493151,6.590271186804386,6.473071707368412,11437
"Total","Matt Grace","ARI",0.2,7,26.99999987,13.49999993,2,0,0.28571429,0.14285714,0.14285715,0.66666667,7.49999996,1,1,1.6914198021752926,4.583835375797493,11449
"Total","Robbie Ray","2 Tms",81,372,11,5.77777778,1.90384615,2.44444444,0.26612903,0.13978495,0.12634408,0.26349206,1.66666667,0.30964467,0.82862524,6.24814964346632,5.051969322976989,11486
"Total","Joely Rodriguez","TEX",18.2,84,8.67857143,2.89285714,3,0.96428571,0.21428571,0.07142857,0.14285714,0.2739726,1.39285714,0.31034483,0.64655172,3.591148023676676,3.3693652766838085,11487
"Total","Josh Osich","2 Tms",9.1,51,12.53571428,3.85714285,3.25,3.85714285,0.25490196,0.07843137,0.17647059,0.30434783,1.92857143,0.34482759,0.97014925,7.584276932175293,3.6656572721704253,11528
"Total","Mike Kickham","2 Tms",11,60,12.27272727,2.45454545,5,4.90909091,0.25,0.05,0.2,0.38888889,2.18181818,0.45454545,0.69892473,9.183262119854882,4.496682171733031,11618
"Total","Heath Hembree","CIN",0,0,0,0,0,0,0,0,0,0,0,0,1,3.137579154968262,3.137579154968262,11632
"Total","Matt Harvey","BAL",0,0,0,0,0,0,0,0,0,0,0,0,1,3.137579154968262,3.137579154968262,11713
"Total","Kyle Ryan","CHC",10,43,9,1.8,5,1.8,0.23255814,0.04651163,0.18604651,0.29268293,1.4,0.34482759,0.98214286,4.384241040565636,3.3268626888772506,11753
"Total","Drew Smyly","2 Tms",50.1,223,10.01324503,3.57615894,2.8,1.96688742,0.25112108,0.0896861,0.16143498,0.24747475,1.37086093,0.28148148,0.78754579,5.021887169000935,4.4200856261413985,11760
"Total","Hansel Robles","MIN",0,0,0,0,0,0,0,0,0,0,0,0,1,3.137579154968262,3.137579154968262,11801
"Total","James Paxton","2 Tms",16.1,72,12.67346939,4.40816327,2.875,1.65306122,0.31944444,0.11111111,0.20833333,0.26984127,1.53061225,0.36842105,0.625,4.228939756631333,4.438455793941773,11828
"Total","Chris Martin","ATL",0,1,0,9,0,0,0,1,-1,0,1,0,1,6.137579154968262,6.137579154968262,11847
"Total","Matt Andriese","BOS",0,0,0,0,0,0,0,0,0,0,0,0,1,3.137579154968262,3.137579154968262,12022
"Total","Kyle Hendricks","CHC",0,0,0,0,0,0,0,0,0,0,0,0,1,3.191419792175293,3.191419792175293,12049
"Total","Ryan Sherriff","TBR",7,25,1.28571429,2.57142857,0.5,0,0.04,0.08,-0.04,0.2173913,1,0.22727273,0.85714286,3.755156842574289,5.657326367497444,12249
"Total","Seth Lugo","NYM",0,0,0,0,0,0,0,0,0,0,0,0,1,3.1914197921752936,3.1914197921752936,12447
"Total","Blake Treinen","LAD",0,0,0,0,0,0,0,0,0,0,0,0,1,3.191419792175293,3.191419792175293,12572
"Total","Nick Ramirez","2 Tms",15,68,7.2,3.6,2,2.4,0.17647059,0.08823529,0.0882353,0.26666667,1.46666667,0.26086957,0.54878049,6.23655020729248,4.949797320365906,12575
"Total","Adam Morgan","PHI",5,24,9,3.6,2.5,1.8,0.20833333,0.08333333,0.125,0.36363636,2,0.4375,0.69767442,4.991419792175293,4.319696852564812,12580
"Total","Adrian Houser","MIL",0,0,0,0,0,0,0,0,0,0,0,0,1,3.191419792175293,3.191419792175293,12718
"Total","Sonny Gray","CIN",0,0,0,0,0,0,0,0,0,0,0,0,1,3.191419792175293,3.191419792175293,12768
"Total","Sean Gilmartin","TBR",2,14,4.5,13.5,0.33333333,9,0.07142857,0.21428571,-0.14285714,0.45454545,4,0.375,0.96153846,19.691419792175292,10.54797391295433,12781
"Total","Matt Wisler","SFG",0,0,0,0,0,0,0,0,0,0,0,0,1,3.137579154968262,3.137579154968262,12804
"Total","Shawn Armstrong","BAL",0,0,0,0,0,0,0,0,0,0,0,0,1,3.137579154968262,3.137579154968262,12857
"Total","Tyler Anderson","2 Tms",89,379,7.78651685,3.43820225,2.26470588,1.21348315,0.20316623,0.08970976,0.11345647,0.24924925,1.31460674,0.27843137,0.7312253,4.365435936446743,5.015003241490551,12880
"Total","Alex Claudio","2 Tms",19.1,89,6.51724138,3.72413793,1.75,0.93103448,0.15730337,0.08988764,0.06741573,0.25925926,1.5,0.29230769,0.64885496,4.303358790424976,4.986869948342196,12890
"Total","Ken Giles","TOR",0,1,0,9,0,0,0,1,-1,0,1,0,0,6.191419792175293,6.191419792175293,12910
"Total","Joe Musgrove","SDP",0,0,0,0,0,0,0,0,0,0,0,0,1,3.137579154968262,3.137579154968262,12970
"Total","Joe Ross","WSN",0,0,0,0,0,0,0,0,0,0,0,0,1,3.137579154968262,3.137579154968262,12972
"Total","Andrew Chafin","2 Tms",18.1,73,10.8,3.92727273,2.75,0.98181818,0.30136986,0.10958904,0.19178082,0.16923077,1.03636364,0.2195122,0.92592593,3.4775778537776016,3.7178464418902837,12988
"Total","Reymin Guduan","OAK",7.1,42,4.90909091,4.90909091,1,1.22727273,0.0952381,0.0952381,0,0.44736842,2.86363636,0.48484848,0.81632653,5.455760974968262,6.063294113741283,13058
"Total","Eduardo Rodriguez","BOS",47.1,202,9.88732394,2.47183099,4,1.33098592,0.25742574,0.06435644,0.1930693,0.29411765,1.43661972,0.36923077,0.73883162,3.686874924968262,3.276307951889103,13164
"Total","Zach Davies","SDP",0,0,0,0,0,0,0,0,0,0,0,0,1,3.191419792175293,3.191419792175293,13183
"Total","Ross Stripling","LAD",0,0,0,0,0,0,0,0,0,0,0,0,1,3.191419792175293,3.191419792175293,13273
"Total","Danny Coulombe","MIN",2,10,9,13.5,0.66666667,0,0.2,0.3,-0.1,0.14285714,2,0.2,1,5.691419792175293,6.6555583223700525,13293
"Total","James Pazos","COL",2.2,18,0,10.12499999,0,3.375,0,0.16666667,-0.16666667,0.5,3.75,0.42857143,0.69767442,11.441419782175291,10.181939271667492,13323
"Total","Luis Cessa","NYY",0,0,0,0,0,0,0,0,0,0,0,0,1,3.191419792175293,3.191419792175293,13345
"Total","Hoby Milner","2 Tms",5.2,25,9.52941176,4.76470588,2,3.17647059,0.24,0.12,0.12,0.28571429,1.58823529,0.30769231,0.97222222,7.760652504348696,5.149621362445875,13346
"Total","Steven Matz","2 Tms",67.1,302,9.08910891,2.53960396,3.57894737,2.53960396,0.22516556,0.06291391,0.16225165,0.29032258,1.48514851,0.32124352,0.71989529,5.7852162093339015,4.202585699918742,13361
"Total","Dylan Floro","LAD",0,0,0,0,0,0,0,0,0,0,0,0,1,3.191419792175293,3.191419792175293,13394
"Total","Sam Selman","SFG",14.2,62,7.97727273,4.29545455,1.85714286,0.61363636,0.20967742,0.11290323,0.09677419,0.18867925,1.15909091,0.23076923,0.85227273,4.130057781187312,5.416440484612673,13397
"Total","Marcus Stroman","NYM",0,0,0,0,0,0,0,0,0,0,0,0,1,3.137579154968262,3.137579154968262,13431
"Total","Taylor Rogers","MIN",33,142,10.09090909,1.63636364,6.16666667,0.81818182,0.26056338,0.04225352,0.21830986,0.29545455,1.36363636,0.37894737,0.66985646,2.741072820802187,3.1873455938967794,13449
"Total","Lucas Sims","CIN",0,0,0,0,0,0,0,0,0,0,0,0,1,3.191419792175293,3.191419792175293,13470
"Total","Daniel Norris","DET",31.1,133,7.75531915,3.15957447,2.45454545,1.14893617,0.20300752,0.08270677,0.12030075,0.26446281,1.37234043,0.30769231,0.64171123,4.161307219146619,4.110840385399782,13475
"Total","Blake Snell","2 Tms",75,340,11.64,5.28,2.20454545,1.68,0.28529412,0.12941176,0.15588236,0.2414966,1.53333333,0.30978261,0.82987552,4.803661952546165,3.7388009807774676,13543
"Total","Shawn Morimando","MIA",0.1,4,0,0,0,0,0,0,0,0.75,9.00000009,0.75,0.33333333,3.137579154968262,8.374152113708924,13606
"Total","Jakob Junis","KCR",0,0,0,0,0,0,0,0,0,0,0,0,1,3.137579154968262,3.137579154968262,13619
"Total","Josh D. Smith","MIA",0.2,4,26.99999987,13.49999993,2,13.49999993,0.5,0.25,0.25,0.33333333,2.99999999,0,1,21.191419702175292,4.583835375797493,13629
"Total","John Gant","STL",0,0,0,0,0,0,0,0,0,0,0,0,1,3.1644994735717775,3.1644994735717775,13684
"Total","Max Fried","ATL",75.2,321,9.03964758,3.21145374,2.81481481,0.71365639,0.23676012,0.08411215,0.15264797,0.24475524,1.28193833,0.31067961,0.81395349,3.49928384691106,3.8279151838477445,13743
"Total","Chris Stratton","PIT",0,0,0,0,0,0,0,0,0,0,0,0,1,3.191419792175293,3.191419792175293,13761
"Total","Alex Wood","2 Tms",50,208,10.26,3.06,3.35294118,1.08,0.27403846,0.08173077,0.19230769,0.22043011,1.16,0.28455285,0.71428571,3.746193656921387,3.6301288157701492,13781
"Total","Matt Strahm","SDP",7.1,38,6.13636364,3.68181818,1.66666667,1.22727273,0.13157895,0.07894737,0.05263158,0.29032258,1.63636364,0.32,0.95890411,6.464147062175293,6.794994768783665,13799
"Total","Alec Mills","CHC",0,0,0,0,0,0,0,0,0,0,0,0,1,3.137579154968262,3.137579154968262,13834
"Total","Paul Sewald","2 Tms",0,0,0,0,0,0,0,0,0,0,0,0,1,3.1644994735717775,3.1644994735717775,13892
"Total","Brent Suter","MIL",43.1,181,10.17692308,2.07692308,4.9,1.03846154,0.27071823,0.05524862,0.21546961,0.26315789,1.26923077,0.34188034,0.8125,3.0952687035717776,2.8585344333385803,13942
"Total","Kevin Gausman","SFG",0,0,0,0,0,0,0,0,0,0,0,0,1,3.137579154968262,3.137579154968262,14107
"Total","Josh Hader","MIL",32.2,128,14.87755102,3.58163265,4.15384615,0.55102041,0.421875,0.1015625,0.3203125,0.12612613,0.82653061,0.21428571,0.88235294,2.1220349607997973,3.077689563936647,14212
"Total","Wandy Peralta","2 Tms",28.1,114,7.94117647,2.85882353,2.77777778,1.58823529,0.21929825,0.07894737,0.14035088,0.22330097,1.12941176,0.24324324,0.65384615,4.7549517309832785,4.159360790366561,14295
"Total","Joel Payamps","TOR",0,0,0,0,0,0,0,0,0,0,0,0,1,3.137579154968262,3.137579154968262,14332
"Total","Amir Garrett","CIN",19.1,82,8.37931035,3.72413793,2.25,3.72413793,0.2195122,0.09756098,0.12195122,0.2739726,1.44827586,0.25,0.89285714,7.926833310970648,4.790002551445911,14375
"Total","Robinson Leyer","BOS",0,0,0,0,0,0,0,0,0,0,0,0,1,3.191419792175293,3.191419792175293,14399
"Total","Hyun Jin Ryu","TOR",102.2,425,9.02922078,2.1038961,4.29166667,1.13961039,0.24235294,0.05647059,0.18588235,0.2481203,1.19805195,0.30175439,0.80152672,3.5068070216801317,3.4227290093612672,14444
"Total","J.B. Wendelken","OAK",0,0,0,0,0,0,0,0,0,0,0,0,1,3.191419792175293,3.191419792175293,14506
"Total","Randy Rosario","KCR",2,13,13.5,4.5,3,4.5,0.23076923,0.07692308,0.15384615,0.45454545,3,0.57142857,0.89285714,9.691419792175292,4.1555583223700525,14508
"Total","Luis Perdomo","SDP",0,0,0,0,0,0,0,0,0,0,0,0,1,3.191419792175293,3.191419792175293,14682
"Total","Anthony Banda","TBR",4.1,24,2.07692308,4.15384616,0.5,2.07692308,0.04166667,0.08333333,-0.04166666,0.4,2.30769231,0.38888889,0.47169811,8.499112102175292,9.059008215869472,14706
"Total","Julio Urias","LAD",90.2,373,8.4375,2.38235294,3.54166667,0.89338235,0.22788204,0.06434316,0.16353888,0.24489796,1.19117647,0.29644269,0.75975359,3.437265610784407,4.072525994732688,14765
"Total","Buck Farmer","DET",0,0,0,0,0,0,0,0,0,0,0,0,1,3.137579154968262,3.137579154968262,14814
"Total","Michael Lorenzen","CIN",0,0,0,0,0,0,0,0,0,0,0,0,1,3.191419792175293,3.191419792175293,14843
"Total","Matt Dermody","CHC",1,3,9,0,1,0,0.33333333,0,0.33333333,0,0,0,1,1.1914197921752931,1.1914197921752931,14844
"Total","Joe Mantiply","ARI",6.1,31,5.68421052,5.68421052,1,0,0.12903226,0.12903226,0,0.32,1.89473684,0.34782609,0.66666667,3.77482554048611,6.559772236286764,14857
"Total","Zack Godley","BOS",0,0,0,0,0,0,0,0,0,0,0,0,1,3.191419792175293,3.191419792175293,14862
"Total","Caleb Smith","2 Tms",36,155,9.5,6,1.58333333,1.25,0.24516129,0.15483871,0.09032258,0.18604651,1.33333333,0.2183908,0.80952381,4.9303126675257705,5.436372721691926,14875
"Total","Jon Gray","COL",0,0,0,0,0,0,0,0,0,0,0,0,1,3.137579154968262,3.137579154968262,14916
"Total","Tyler Webb","STL",20.1,97,8.85245901,4.42622951,2,0.8852459,0.20618557,0.10309278,0.10309279,0.30952381,1.7704918,0.36923077,0.6626506,3.9580044740458815,4.865436692344615,14974
"Total","Yacksel Rios","PIT",0,0,0,0,0,0,0,0,0,0,0,0,1,3.191419792175293,3.191419792175293,15007
"Total","Alex Reyes","STL",0,0,0,0,0,0,0,0,0,0,0,0,1,3.191419792175293,3.191419792175293,15015
"Total","Chase De Jong","HOU",0,0,0,0,0,0,0,0,0,0,0,0,1,3.191419792175293,3.191419792175293,15036
"Total","Tim Mayza","TOR",7.2,36,8.2173913,2.34782609,3.5,2.34782609,0.19444444,0.05555556,0.13888888,0.3030303,1.56521739,0.33333333,0.39215686,5.876709584968262,4.534498987290227,15042
"Total","Lou Trivino","OAK",0,0,0,0,0,0,0,0,0,0,0,0,1,3.137579154968262,3.137579154968262,15043
"Total","Glenn Sparkman","KCR",0,0,0,0,0,0,0,0,0,0,0,0,1,3.191419792175293,3.191419792175293,15200
"Total","Aaron Slegers","LAA",0,0,0,0,0,0,0,0,0,0,0,0,1,3.137579154968262,3.137579154968262,15231
"Total","Cody Reed","2 Tms",17,71,7.94117648,3.17647059,2.5,1.5882353,0.21126761,0.08450704,0.12676057,0.24193548,1.23529412,0.26666667,0.79787234,5.109370889259352,4.338745143234147,15232
"Total","Adam Cimber","MIA",0,0,0,0,0,0,0,0,0,0,0,0,1,3.137579154968262,3.137579154968262,15288
"Total","Steven Brault","PIT",36.2,150,7.36363636,4.66363636,1.57894737,0.49090909,0.2,0.12666667,0.07333333,0.19047619,1.17272727,0.22916667,0.71759259,4.0641470621752935,4.880148012511665,15291
"Total","Andrew Heaney","LAA",82,337,10.31707317,2.52439024,4.08695652,1.75609756,0.27893175,0.06824926,0.21068249,0.23548387,1.17073171,0.28078818,0.77747989,4.289733659255133,3.857635055845831,15423
"Total","Matthew Boyd","DET",96.2,432,8.1,3.25862069,2.48571429,1.58275862,0.20138889,0.08101852,0.12037037,0.27034121,1.42758621,0.30388693,0.74074074,5.0478150656808545,5.309823108381208,15440
"Total","Jose De Leon","CIN",0,0,0,0,0,0,0,0,0,0,0,0,1,3.191419792175293,3.191419792175293,15463
"Total","Marco Gonzales","SEA",72.2,295,9.0412844,1.98165138,4.5625,1.61009174,0.24745763,0.05423729,0.19322034,0.22661871,1.08715596,0.26041667,0.77669903,4.194208961973975,4.186335454821882,15467
"Total","Lucas Giolito","CHW",0,0,0,0,0,0,0,0,0,0,0,0,1,3.191419792175293,3.191419792175293,15474
"Total","Kendall Graveman","SEA",0,0,0,0,0,0,0,0,0,0,0,0,1,3.191419792175293,3.191419792175293,15514
"Total","Eric Yardley","MIL",0,0,0,0,0,0,0,0,0,0,0,0,1,3.191419792175293,3.191419792175293,15538
"Total","Phillips Valdez","BOS",0,0,0,0,0,0,0,0,0,0,0,0,1,3.1644994735717775,3.1644994735717775,15605
"Total","Luis Castillo","CIN",0,0,0,0,0,0,0,0,0,0,0,0,1,3.137579154968262,3.137579154968262,15689
"Total","Jimmy Cordero","CHW",0,0,0,0,0,0,0,0,0,0,0,0,1,3.191419792175293,3.191419792175293,15690
"Total","Rob Kaminsky","STL",3.1,15,2.7,2.7,1,0,0.06666667,0.06666667,0,0.16666667,0.9,0.15384615,0.33333333,3.491419792175293,4.069902911170632,15792
"Total","Paul Fry","BAL",25,105,12.24,4.32,2.83333333,0.36,0.32380952,0.11428571,0.20952381,0.20652174,1.24,0.31034483,0.81081081,2.4012690353393555,2.623339418172836,15832
"Total","Kent Emanuel","HOU",10,35,6.3,0.9,7,2.7,0.2,0.02857143,0.17142857,0.15151515,0.6,0.08695652,1,6.237579154968262,3.7339985966682434,15849
"Total","Stephen Tarpley","2 Tms",5.2,30,6.35294117,12.70588235,0.5,3.17647059,0.13333333,0.26666667,-0.13333334,0.25,2.29411765,0.2,0.80357143,11.124520166598277,9.598842553443102,15859
"Total","Sean Manaea","OAK",88,380,7.77272727,1.94318182,4,0.81818182,0.2,0.05,0.15,0.29494382,1.40909091,0.35272727,0.78397213,3.332914605497793,3.993295452599054,15873
"Total","Lewis Thorpe","MIN",26,114,4.15384615,4.5,0.92307692,1.03846154,0.10526316,0.11403509,-0.00877193,0.2970297,1.65384615,0.31395349,0.82474227,5.244873876476567,5.892490468429475,15906
"Total","Stefan Crichton","ARI",0,0,0,0,0,0,0,0,0,0,0,0,1,3.137579154968262,3.137579154968262,16058
"Total","Cy Sneed","HOU",0,0,0,0,0,0,0,0,0,0,0,0,1,3.191419792175293,3.191419792175293,16106
"Total","Justin Shafer","MIA",0,0,0,0,0,0,0,0,0,0,0,0,1,3.191419792175293,3.191419792175293,16132
"Total","Brandon Leibrandt","MIA",4,16,0,9,0,0,0,0.25,-0.25,0.08333333,1.25,0.08333333,1,6.191419792175293,9.08383538275957,16135
"Total","Carlos Rodon","CHW",51,205,12.35294118,2.64705882,4.66666667,1.23529412,0.34146341,0.07317073,0.26829268,0.18378378,0.96078431,0.25,0.83710407,3.3606553163496193,3.2928312256640084,16137
"Total","Jace Fry","CHW",12.1,55,11.67567568,7.2972973,1.6,2.18918919,0.29090909,0.18181818,0.10909091,0.22222222,1.62162162,0.26923077,0.88607595,6.191419792175292,4.436378728471687,16159
"Total","Kyle Freeland","COL",66.1,284,4.74874372,3.25628141,1.45833333,0.81407035,0.12323944,0.08450704,0.0387324,0.28740157,1.46231156,0.31162791,0.82073434,4.570237783198951,5.105467794564838,16256
"Total","Aaron Bummer","CHW",20.1,92,12.83606558,7.08196721,1.8125,0.8852459,0.31521739,0.17391304,0.14130435,0.21621622,1.57377049,0.31818182,0.89403974,4.087892786113925,3.428098144588648,16258
"Total","Sam Howard","PIT",24.1,102,11.83561644,4.06849315,2.90909091,1.84931507,0.31372549,0.10784314,0.20588235,0.20689655,1.19178082,0.25490196,0.88,4.935679249940935,4.336447979531172,16265
"Total","John Means","BAL",87,339,8.5862069,1.55172414,5.53333333,2.06896552,0.24483776,0.04424779,0.20058997,0.18927445,0.86206897,0.18518519,0.92307692,4.927497547734066,4.274329017907723,16269
"Total","Sam Clay","WSN",8.2,44,4.15384615,4.15384615,1,1.03846154,0.09090909,0.09090909,0,0.35897436,2.07692308,0.38235294,0.90909091,5.445271464968262,5.757931313859449,16279
"Total","Ryan Borucki","TOR",14,64,12.21428571,6.42857143,1.9,1.28571429,0.296875,0.15625,0.140625,0.25,1.64285714,0.33333333,0.84158416,4.450213763571778,4.429971583400454,16350
"Total","Tyler Mahle","CIN",0,0,0,0,0,0,0,0,0,0,0,0,1,3.137579154968262,3.137579154968262,16358
"Total","Brad Wieck","CHC",6,22,9,0,6,0,0.27272727,0,0.27272727,0.18181818,0.66666667,0.25,1,1.1435614480211775,2.8890857501461547,16390
"Total","Victor Gonzalez","LAD",19,81,12.31578947,1.89473684,6.5,0.47368421,0.32098765,0.04938272,0.27160493,0.21917808,1.05263158,0.31914894,0.83333333,2.218547912445646,3.0908196828867256,16408
"Total","Blake Taylor","HOU",15.2,70,6.31914893,5.74468085,1.1,1.14893617,0.15714286,0.14285714,0.01428572,0.22033898,1.46808511,0.23404255,0.84158416,5.3455949255523905,5.919583601118729,16418
"Total","Foster Griffin","KCR",1.2,6,5.39999999,0,1,0,0.16666667,0,0.16666667,0,0,0,1,1.9914197921752932,3.148386028495072,16432
"Total","Ryan Yarbrough","TBR",95.2,391,6.77351916,1.41114983,4.8,1.22299652,0.18414322,0.03836317,0.14578005,0.24861878,1.09756098,0.27304965,0.66805846,4.175153787887599,4.22898060856316,16502
"Total","Dan Altavilla","SDP",0,0,0,0,0,0,0,0,0,0,0,0,1,3.191419792175293,3.191419792175293,16507
"Total","Jordan Montgomery","NYY",78.1,332,8.73191489,2.29787234,3.8,1.60851064,0.22891566,0.06024096,0.1686747,0.27272727,1.32765957,0.31531532,0.67535545,4.30919712532453,4.026044772825104,16511
"Total","Austin Gomber","2 Tms",67,273,9.80597015,3.76119403,2.60714286,0.94029851,0.26739927,0.1025641,0.16483517,0.20833333,1.1641791,0.26219512,0.76589595,3.6328701101705705,3.803301891862456,16561
"Total","Jonathan Holder","NYY",0,0,0,0,0,0,0,0,0,0,0,0,1,3.191419792175293,3.191419792175293,16588
"Total","J.P. Feyereisen","MIL",0,0,0,0,0,0,0,0,0,0,0,0,1,3.137579154968262,3.137579154968262,16610
"Total","Ryan Thompson","TBR",0,0,0,0,0,0,0,0,0,0,0,0,1,3.1555260340372726,3.1555260340372726,16647
"Total","Tim Hill","SDP",21,87,12,3,4,1.71428571,0.32183908,0.08045977,0.24137931,0.19230769,1.04761905,0.22916667,0.85365854,3.96675907062382,2.7064665358303404,16814
"Total","Luke Weaver","ARI",0,0,0,0,0,0,0,0,0,0,0,0,1,3.191419792175293,3.191419792175293,16918
"Total","Touki Toussaint","ATL",0,0,0,0,0,0,0,0,0,0,0,0,1,3.191419792175293,3.191419792175293,16929
"Total","Sean Newcomb","ATL",19.2,96,9.61016949,6.86440678,1.4,1.37288136,0.21875,0.15625,0.0625,0.27848101,1.88135593,0.33928571,0.73964497,5.451266233811813,5.89666035894293,16943
"Total","Joe Palumbo","TEX",0.2,5,13.49999993,13.49999993,1,13.49999993,0.2,0.2,0,0.5,4.49999998,0.5,0.625,24.19141969217529,7.583835360797492,17035
"Total","Austin Davis","2 Tms",5,20,9,1.8,5,1.8,0.25,0.05,0.2,0.21052632,1,0.23076923,0,4.391419792175293,3.3340414404869083,17117
"Total","Gabe Speier","KCR",2.2,19,6.74999999,6.74999999,1,3.375,0.10526316,0.10526316,0,0.52941176,4.12499999,0.57142857,1,8.816419782175293,5.387627584722172,17170
"Total","Jalen Beeks","TBR",12,55,12,3,4,0,0.29090909,0.07272727,0.21818182,0.29411765,1.58333333,0.42857143,0.84210526,1.5247531221752937,3.131650675833226,17192
"Total","Sam Coonrod","PHI",0,0,0,0,0,0,0,0,0,0,0,0,1,3.137579154968262,3.137579154968262,17264
"Total","Ranger Suarez","PHI",13.2,59,7.90243902,1.97560976,4,0.65853659,0.20338983,0.05084746,0.15254237,0.21153846,1.02439024,0.25,0.70512821,3.660279765165569,4.1942273673222665,17277
"Total","Justus Sheffield","SEA",79.2,360,7.23012552,3.84100418,1.88235294,0.79079498,0.17777778,0.09444444,0.08333334,0.28706625,1.56903766,0.336,0.71547421,4.168345661622751,4.637805431157066,17285
"Total","Framber Valdez","HOU",61,245,9,2.21311475,4.06666667,0.8852459,0.24897959,0.06122449,0.1877551,0.22566372,1.08196721,0.28125,0.80858086,3.3474105216037637,2.9764560338415085,17295
"Total","Justin Steele","CHC",8,32,12.375,2.25,5.5,1.125,0.34375,0.0625,0.28125,0.17857143,0.875,0.25,1,3.512579154968262,2.323960230499506,17312
"Total","Josh Taylor","BOS",12.2,67,9.23684211,6.39473685,1.44444444,2.13157895,0.19402985,0.13432836,0.05970149,0.33333333,2.21052632,0.3902439,0.52419355,6.550735160324088,5.654278842532998,17359
"Total","Brett Martin","TEX",22.2,96,5.95588235,3.57352941,1.66666667,0.79411765,0.15625,0.09375,0.0625,0.23255814,1.27941177,0.25714286,0.76335878,4.176830031341357,4.974724873205679,17369
"Total","Jeff Hoffman","2 Tms",0,0,0,0,0,0,0,0,0,0,0,0,1,3.1644994735717775,3.1644994735717775,17432
"Total","Genesis Cabrera","STL",29,128,11.17241379,4.96551724,2.25,1.24137931,0.28125,0.125,0.15625,0.17142857,1.17241379,0.20895522,0.68862275,4.643854375133843,4.8461667209582995,17490
"Total","Ricardo Sanchez","STL",3.2,19,4.9090909,7.36363636,0.66666667,2.45454545,0.10526316,0.15789474,-0.05263158,0.33333333,2.18181818,0.30769231,0.60606061,8.100510692175293,7.184524870894541,17581
"Total","Jordan Yamamoto","2 Tms",0,0,0,0,0,0,0,0,0,0,0,0,1,3.1644994735717775,3.1644994735717775,17585
"Total","Tanner Scott","BAL",26.1,110,11.27848101,5.12658228,2.2,0.34177215,0.3,0.13636364,0.16363636,0.16129032,1.13924051,0.23333333,0.91216216,2.966788492454962,3.414997826903312,17586
"Total","Taylor Clarke","ARI",0,0,0,0,0,0,0,0,0,0,0,0,1,3.137579154968262,3.137579154968262,17611
"Total","Jeffrey Springs","2 Tms",29.2,126,12.43820225,2.73033708,4.55555556,1.51685393,0.32539683,0.07142857,0.25396826,0.26086957,1.31460674,0.35714286,0.75757576,3.5969546892668323,3.133487258941752,17677
"Total","Tyler Alexander","DET",41.1,183,9.14516129,2.83064516,3.23076923,2.61290323,0.2295082,0.07103825,0.15846995,0.29518072,1.5,0.32743363,0.89211618,6.073804065190245,4.459314124244219,17735
"Total","Angel Perdomo","MIL",8.2,47,14.53846153,10.38461538,1.4,3.11538461,0.29787234,0.21276596,0.08510638,0.25714286,2.19230769,0.33333333,0.53571429,8.571010043678648,5.6822632477423465,17759
"Total","Jose Alvarado","2 Tms",20.2,97,12.19354839,7.40322581,1.64705882,1.30645161,0.28865979,0.17525773,0.11340206,0.24358974,1.74193548,0.33333333,0.88414634,4.943532887703266,4.376406166286391,17780
"Total","Jake Brentz","KCR",15,64,10.2,4.2,2.42857143,1.2,0.265625,0.109375,0.15625,0.2,1.2,0.23684211,0.85526316,4.004245824968262,3.9000685036182405,17783
"Total","Dillon Tate","BAL",0,0,0,0,0,0,0,0,0,0,0,0,1,3.1555260340372726,3.1555260340372726,17796
"Total","Daniel Zamora","SEA",3,11,9,0,3,0,0.27272727,0,0.27272727,0.27272727,1,0.375,0.33333333,1.1375791549682623,1.7194205890099215,17811
"Total","Adbert Alzolay","CHC",0,0,0,0,0,0,0,0,0,0,0,0,1,3.137579154968262,3.137579154968262,17859
"Total","Nestor Cortes","2 Tms",11,53,9.81818182,4.90909091,2,4.09090909,0.22641509,0.11320755,0.11320754,0.26666667,1.63636364,0.24137931,0.66666667,8.803310415263006,4.964566703276201,17874
"Total","Dennis Santana","LAD",0,0,0,0,0,0,0,0,0,0,0,0,1,3.137579154968262,3.137579154968262,17878
"Total","Garrett Cleavinger","2 Tms",3,14,15,3,5,0,0.35714286,0.07142857,0.28571429,0.30769231,1.66666667,0.5,0.6,0.8102281179314428,2.5557524167230863,17897
"Total","Trent Thornton","TOR",0,0,0,0,0,0,0,0,0,0,0,0,1,3.137579154968262,3.137579154968262,17948
"Total","Logan Webb","SFG",0,0,0,0,0,0,0,0,0,0,0,0,1,3.191419792175293,3.191419792175293,17995
"Total","Pete Fairbanks","TBR",0,0,0,0,0,0,0,0,0,0,0,0,1,3.191419792175293,3.191419792175293,17998
"Total","Matt Hall","BOS",5,26,9,5.4,1.66666667,1.8,0.19230769,0.11538462,0.07692307,0.31818182,2,0.375,0.3125,6.191419792175293,5.9053522646427155,18076
"Total","Cody Stashak","MIN",0,0,0,0,0,0,0,0,0,0,0,0,1,3.1555260340372726,3.1555260340372726,18088
"Total","Ryan Helsley","STL",0,0,0,0,0,0,0,0,0,0,0,0,1,3.173472913106283,3.173472913106283,18138
"Total","Anthony Misiewicz","SEA",23.1,102,11.18571429,3.85714286,2.9,1.54285714,0.28431373,0.09803922,0.18627451,0.2967033,1.58571429,0.39655172,0.89506173,4.31856572572709,3.664480592590883,18152
"Total","Jarlin Garcia","SFG",22.1,84,10.88059702,2.82089552,3.85714286,0.80597015,0.32142857,0.08333333,0.23809524,0.18918919,0.94029851,0.25531915,0.72916667,2.983386014567198,3.464192597230659,18282
"Total","Tyler Kinley","COL",0,0,0,0,0,0,0,0,0,0,0,0,1,3.191419792175293,3.191419792175293,18297
"Total","Andrew Suarez","SFG",5.2,23,4.76470588,1.58823529,3,1.58823529,0.13043478,0.04347826,0.08695652,0.27272727,1.23529412,0.27777778,0.71428571,4.956125672175293,5.38428152319999,18300
"Total","Taylor Guilbeau","SEA",5,20,5.4,5.4,1,0,0.15,0.15,0,0.17647059,1.2,0.21428571,1,3.7914197921752932,6.105352264642716,18306
"Total","Carson Fulmer","CIN",0,0,0,0,0,0,0,0,0,0,0,0,1,3.137579154968262,3.137579154968262,18311
"Total","Josh Sborz","TEX",0,0,0,0,0,0,0,0,0,0,0,0,1,3.137579154968262,3.137579154968262,18323
"Total","Taylor Hearn","TEX",28.1,132,9.84705882,5.71764706,1.72222222,1.58823529,0.23484848,0.13636364,0.09848484,0.26126126,1.65882353,0.31168831,0.80487805,5.276762469847274,4.982755127058686,18325
"Total","Alex Young","ARI",48,205,7.875,2.625,3,2.0625,0.20487805,0.06829268,0.13658537,0.25668449,1.29166667,0.26811594,0.72961373,5.277265689796083,4.509682098945409,18333
"Total","Brandon Waddell","3 Tms",5.2,27,0,4.76470588,0,3.17647059,0,0.11111111,-0.11111111,0.29166667,1.76470588,0.22727273,0.69444444,9.333052312794859,8.846006588698433,18347
"Total","Mike Soroka","ATL",0,0,0,0,0,0,0,0,0,0,0,0,1,3.191419792175293,3.191419792175293,18383
"Total","Enyel De Los Santos","PHI",0,0,0,0,0,0,0,0,0,0,0,0,1,3.137579154968262,3.137579154968262,18403
"Total","Junior Fernandez","STL",0,0,0,0,0,0,0,0,0,0,0,0,1,3.1644994735717775,3.1644994735717775,18496
"Total","Kenta Maeda","MIN",0,0,0,0,0,0,0,0,0,0,0,0,1,3.191419792175293,3.191419792175293,18498
"Total","Dylan Cease","CHW",0,0,0,0,0,0,0,0,0,0,0,0,1,3.191419792175293,3.191419792175293,18525
"Total","Sam Hentges","CLE",17,88,10.05882353,6.35294118,1.58333333,2.11764706,0.21590909,0.13636364,0.07954545,0.34666667,2.23529412,0.41509434,0.70987654,6.078755624968261,5.073490098644705,18548
"Total","Logan Allen","CLE",20.2,102,6.96774193,5.66129032,1.23076923,3.0483871,0.15686275,0.12745098,0.02941177,0.30232558,1.88709677,0.3015873,0.83850932,8.334971644582783,5.945088472277897,18555
"Total","Travis Bergen","2 Tms",11.2,48,6.94285714,7.71428571,0.9,0,0.1875,0.20833333,-0.02083333,0.15789474,1.37142857,0.20689655,1,4.18307192810102,6.293365610462564,18581
"Total","Travis Lakins Sr.","BAL",0,0,0,0,0,0,0,0,0,0,0,0,1,3.1644994735717775,3.1644994735717775,18600
"Total","A.J. Minter","ATL",30.1,126,10.38461539,4.15384615,2.5,0.59340659,0.27777778,0.11111111,0.16666667,0.20183486,1.18681319,0.27027027,0.84795322,3.1977623312458134,3.972650532592174,18655
"Total","Jake Woodford","STL",0,0,0,0,0,0,0,0,0,0,0,0,1,3.191419792175293,3.191419792175293,18674
"Total","Sandy Alcantara","MIA",0,0,0,0,0,0,0,0,0,0,0,0,1,3.137579154968262,3.137579154968262,18684
"Total","Kolby Allard","TEX",43,189,9,4.39534884,2.04761905,0.8372093,0.22751323,0.11111111,0.11640212,0.23353293,1.39534884,0.2892562,0.71691176,3.8420483431768377,4.969301977961563,18694
"Total","Dillon Peters","LAA",1,5,18,0,2,9,0.4,0,0.4,0.4,2,0.5,1,12.191419792175292,3.0479739129543306,18790
"Total","Miguel Del Pozo","PIT",3,20,6,18,0.33333333,0,0.1,0.3,-0.2,0.42857143,4,0.5,0.66666667,7.858086462175294,9.14360449910164,18792
"Total","Conner Menez","SFG",9.2,36,6.51724138,2.79310345,2.33333333,1.86206896,0.19444444,0.08333333,0.11111111,0.12903226,0.72413793,0.08695652,0.96153846,5.659325822587496,4.945534565318608,19199
"Total","Jose Quijada","LAA",2.2,16,13.49999998,6.74999999,2,0,0.25,0.125,0.125,0.38461538,2.625,0.5,0.71428571,2.407769393895661,5.094588129011306,19200
"Total","Dakota Hudson","STL",0,0,0,0,0,0,0,0,0,0,0,0,1,3.191419792175293,3.191419792175293,19206
"Total","Caleb Baragar","SFG",25,97,7.92,2.88,2.75,0.72,0.22680412,0.08247423,0.14432989,0.17241379,0.92,0.20634921,0.85585586,3.6462941614715,5.468204169067516,19231
"Total","Wes Benjamin","TEX",23.1,109,9.25714285,5.01428571,1.84615385,1.54285714,0.22018349,0.11926606,0.10091743,0.29166667,1.75714286,0.35294118,0.70621469,5.0165864370903455,5.114097579118033,19243
"Total","Cole Irvin","2 Tms",55.1,230,6.18072289,1.78915663,3.45454545,0.97590361,0.16521739,0.04782609,0.1173913,0.26046512,1.21084337,0.28901734,0.72607261,3.8817864268451556,4.791491925615305,19244
"Total","Edgar Garcia","TBR",0,0,0,0,0,0,0,0,0,0,0,0,1,3.191419792175293,3.191419792175293,19276
"Total","Reggie McClain","PHI",0,0,0,0,0,0,0,0,0,0,0,0,1,3.191419792175293,3.191419792175293,19311
"Total","Eric Lauer","MIL",24.2,122,11.67567568,4.37837838,2.66666667,3.28378378,0.26229508,0.09836066,0.16393442,0.34285714,1.94594595,0.39705882,0.65934066,6.885498289427737,4.23479444485994,19316
"Total","Joey Lucchesi","2 Tms",25.2,113,9.11688312,3.50649351,2.6,1.05194805,0.2300885,0.08849558,0.14159292,0.28571429,1.48051948,0.34246575,0.54597701,3.92449145457526,4.888879973095124,19320
"Total","Richard Lovelady","KCR",1,4,0,9,0,9,0,0.25,-0.25,0.33333333,2,0,1,19.191419792175292,10.04797391295433,19337
"Total","A.J. Puk","OAK",1,6,0,27,0,0,0,0.5,-0.5,0,3,0,1,12.137579154968261,13.883103457093238,19343
"Total","Caleb Ferguson","LAD",13.1,49,12.15,1.35,9,2.7,0.36734694,0.04081633,0.32653061,0.19148936,0.825,0.2,0.92592593,4.841419792175293,2.8214899259625916,19349
"Total","Corbin Burnes","MIL",0,0,0,0,0,0,0,0,0,0,0,0,1,3.191419792175293,3.191419792175293,19361
"Total","Keegan Akin","BAL",32.2,145,10.46938775,3.03061224,3.45454545,1.37755102,0.26206897,0.07586207,0.1862069,0.25954198,1.37755102,0.32222222,0.82051282,3.9342007476262992,4.370757640711573,19362
"Total","Dane Dunning","TEX",0,0,0,0,0,0,0,0,0,0,0,0,1,3.137579154968262,3.137579154968262,19409
"Total","Patrick Sandoval","LAA",37.1,167,6.75,4.09821428,1.64705882,1.92857143,0.16766467,0.10179641,0.06586826,0.28378378,1.58035714,0.30088496,0.84016393,5.900968813346569,4.544580313875697,19447
"Total","Devin Smeltzer","MIN",15.2,65,8.61702127,2.29787234,3.75,1.14893617,0.23076923,0.06153846,0.16923077,0.24137931,1.14893617,0.28571429,0.52325581,4.0758724483858675,4.59677003312008,19487
"Total","Geoff Hartlieb","PIT",0,0,0,0,0,0,0,0,0,0,0,0,1,3.191419792175293,3.191419792175293,19558
"Total","Bernardo Flores Jr.","2 Tms",1.1,9,6.75000002,6.75000002,1,0,0.11111111,0.11111111,0,0.5,3.75000001,0.57142857,0.8,3.9183452333393163,3.918345235214316,19561
"Total","JoJo Romero","PHI",9.2,41,6.51724138,0.93103448,7,2.79310345,0.17073171,0.02439024,0.14634147,0.38461538,1.65517241,0.4,0.6779661,6.061979480410572,3.129831060872612,19574
"Total","Cionel Perez","2 Tms",13.1,72,6.075,10.8,0.5625,2.025,0.125,0.22222222,-0.09722222,0.34545455,2.625,0.36363636,0.74675325,8.326039314259924,7.667702171207958,19614
"Total","Jordan Hicks","STL",0,0,0,0,0,0,0,0,0,0,0,0,1,3.137579154968262,3.137579154968262,19618
"Total","Kyle Hart","BOS",8,49,10.125,7.875,1.28571429,3.375,0.18367347,0.14285714,0.04081633,0.42857143,3.125,0.5,0.52884615,8.441419792175292,6.940904647856951,19646
"Total","Matt Foster","CHW",0,0,0,0,0,0,0,0,0,0,0,0,1,3.137579154968262,3.137579154968262,19647
"Total","Gregory Soto","DET",33,143,10.63636364,5.45454545,1.95,1.09090909,0.27272727,0.13986014,0.13286713,0.2295082,1.45454545,0.3,0.8490566,4.195074425987352,4.0026013321702125,19677
"Total","Kodi Whitley","STL",0,0,0,0,0,0,0,0,0,0,0,0,1,3.137579154968262,3.137579154968262,19731
"Total","Wil Crowe","WSN",0,0,0,0,0,0,0,0,0,0,0,0,1,3.191419792175293,3.191419792175293,19800
"Total","Daniel Castano","MIA",35.1,150,3.82075472,3.82075472,1,1.27358491,0.1,0.1,0,0.26315789,1.41509434,0.26086957,0.79069767,5.435761441125553,5.394755964891898,19805
"Total","Darwinzon Hernandez","BOS",16.1,81,12.12244898,8.81632653,1.375,0.55102041,0.27160494,0.19753086,0.07407408,0.19354839,1.71428571,0.275,0.8041958,4.56661940673569,5.2047516653583745,19848
"Total","Michael King","NYY",0,0,0,0,0,0,0,0,0,0,0,0,1,3.137579154968262,3.137579154968262,19853
"Total","Tucker Davidson","ATL",9.1,42,3.85714285,5.78571428,0.66666667,1.92857143,0.0952381,0.14285714,-0.04761904,0.22857143,1.5,0.2,0.44642857,6.998567764785246,6.7224420865862555,19871
"Total","Kevin Ginkel","ARI",0,0,0,0,0,0,0,0,0,0,0,0,1,3.137579154968262,3.137579154968262,19876
"Total","Tanner Houck","BOS",0,0,0,0,0,0,0,0,0,0,0,0,1,3.137579154968262,3.137579154968262,19879
"Total","Alex Lange","DET",0,0,0,0,0,0,0,0,0,0,0,0,1,3.137579154968262,3.137579154968262,19883
"Total","Jose Suarez","LAA",9,43,8,5,1.6,1,0.18604651,0.11627907,0.06976744,0.2972973,1.77777778,0.35714286,0.64102564,4.816210411014269,3.973913259307544,19911
"Total","Ian Anderson","ATL",0,0,0,0,0,0,0,0,0,0,0,0,1,3.1375791549682623,3.1375791549682623,19951
"Total","Jesus Luzardo","OAK",71,301,9.12676056,2.53521127,3.6,1.77464789,0.23920266,0.06644518,0.17275748,0.27075812,1.33802817,0.31770833,0.73979592,4.6792512983856405,4.117011683748092,19959
"Total","John Schreiber","DET",0,0,0,0,0,0,0,0,0,0,0,0,1,3.191419792175293,3.191419792175293,20020
"Total","Phillip Diehl","COL",3,12,0,0,0,0,0,0,0,0.33333333,1.33333333,0.33333333,0.5,3.1914197921752936,5.119696852564813,20030
"Total","Adrian Morejon","SDP",14.2,62,11.65909091,3.06818182,3.8,3.68181818,0.30645161,0.08064516,0.22580645,0.26315789,1.36363636,0.28125,1,6.926735982031258,3.280327584980677,20039
"Total","Bailey Falter","PHI",1.1,6,0,0,0,6.75000002,0,0,0,0.5,2.25000001,0.4,0.625,12.88757917496826,5.7558656147014435,20070
"Total","Ben Braymer","WSN",5,22,10.8,5.4,2,0,0.27272727,0.13636364,0.13636363,0.21052632,1.4,0.30769231,0.85714286,2.591419792175293,4.9053522646427155,20175
"Total","Ben Bowden","COL",6.1,33,2.84210526,5.68421053,0.5,1.42105263,0.06060606,0.12121212,-0.06060606,0.32142857,2.05263158,0.30769231,0.68965517,6.453368634968262,7.432437155656305,20198
"Total","Zac Lowther","BAL",2.2,15,13.49999998,3.375,4,3.375,0.26666667,0.06666667,0.2,0.42857143,2.625,0.55555556,0.35714286,6.137579154968262,3.2262939947479676,20243
"Total","David Peterson","NYM",74.2,313,7.71428571,4.33928571,1.77777778,1.56696429,0.20447284,0.11501597,0.08945687,0.21611722,1.27232143,0.23469388,0.71782178,5.322912713459753,4.829467618600777,20302
"Total","Brusdar Graterol","LAD",0,0,0,0,0,0,0,0,0,0,0,0,1,3.1779596328735353,3.1779596328735353,20367
"Total","Bruce Zimmermann","BAL",44.2,195,6.85074627,2.61940298,2.61538462,2.21641791,0.17435897,0.06666667,0.1076923,0.28409091,1.41044776,0.29323308,0.81395349,5.964501611968599,5.062317246811196,20370
"Total","Tyler Zuber","KCR",0,0,0,0,0,0,0,0,0,0,0,0,1,3.137579154968262,3.137579154968262,20379
"Total","Anthony Kay","TOR",23,104,9.7826087,6.26086957,1.5625,0.7826087,0.24038462,0.15384615,0.08653847,0.20238095,1.43478261,0.25862069,0.78313253,4.5988919340189955,5.0137070456630655,20387
"Total","Nick Margevicius","SEA",37,165,7.78378378,3.89189189,2,1.21621622,0.19393939,0.0969697,0.09696969,0.27027027,1.51351351,0.31531532,0.72,4.585669034100517,5.119782201846959,20395
"Total","Josh Fleming","TBR",63,251,5.42857143,2.28571429,2.375,0.85714286,0.15139442,0.06374502,0.0876494,0.21982759,1.06349206,0.23684211,0.8557047,3.998505100615273,4.197961685297981,20418
"Total","Enoli Paredes","HOU",0,0,0,0,0,0,0,0,0,0,0,0,1,3.191419792175293,3.191419792175293,20447
"Total","Huascar Ynoa","ATL",0,0,0,0,0,0,0,0,0,0,0,0,1,3.191419792175293,3.191419792175293,20468
"Total","Casey Mize","DET",0,0,0,0,0,0,0,0,0,0,0,0,1,3.137579154968262,3.137579154968262,20492
"Total","Kyle Nelson","CLE",4.2,18,7.71428571,3.85714285,2,1.92857143,0.22222222,0.11111111,0.11111111,0.125,0.85714286,0.09090909,0,5.50241353460223,3.8779833165016084,20515
"Total","Yusei Kikuchi","SEA",87,349,9.31034483,3.10344828,3,1.34482759,0.25787966,0.08595989,0.17191977,0.22082019,1.14942529,0.26511628,0.71256039,4.101561635466613,3.620194109511337,20633
"Total","Lucas Gilbreath","COL",4,19,6.75,6.75,1,2.25,0.15789474,0.15789474,0,0.25,1.75,0.25,0.89285714,7.137579154968262,5.196722381561995,21290
"Total","Seth Romero","WSN",1,8,18,9,2,9,0.25,0.125,0.125,0.42857143,4,0.5,0,15.191419792175292,4.119696852564812,21333
"Total","Kris Bubic","KCR",71.1,307,8.07476636,3.91121495,2.06451613,1.13551402,0.20846906,0.1009772,0.10749186,0.25182482,1.40186916,0.29850746,0.78299776,4.404685719399717,4.584998574361012,21455
"Total","Shane McClanahan","TBR",26.1,102,10.93670886,2.73417722,4,1.36708861,0.31372549,0.07843137,0.23529412,0.21276596,1.06329114,0.27586207,0.80357143,3.593275354968262,2.8780207400129214,21483
"Total","Daniel Lynch","KCR",6.2,41,8.1,6.75,1.2,1.35,0.14634146,0.12195122,0.02439024,0.48571429,3.3,0.55172414,0.58252427,5.537579154968261,5.944036961433752,21537
"Total","Braxton Garrett","MIA",9.1,37,6.75,3.85714285,1.75,2.89285714,0.18918919,0.10810811,0.08108108,0.25,1.28571428,0.2173913,0.51282051,7.1403224629650435,3.994756606160343,21844
"Total","Brailyn Marquez","CHC",0.2,6,13.49999993,40.4999998,0.33333333,0,0.16666667,0.5,-0.33333333,0.33333333,5.99999997,0.5,0.5,13.691419742175292,13.691419739675291,21896
"Total","John King","TEX",26.1,116,7.17721519,1.70886076,4.2,1.02531646,0.18103448,0.04310345,0.13793103,0.2962963,1.40506329,0.34117647,0.66091954,3.8354355230883983,3.39728871070401,22051
"Total","Aaron Fletcher","SEA",5.1,32,6.75,8.43750001,0.8,3.375,0.125,0.15625,-0.03125,0.40740741,3,0.42857143,0.53030303,9.34863443372741,6.505881560057679,22052
"Total","Paul Campbell","MIA",0,0,0,0,0,0,0,0,0,0,0,0,1,3.137579154968262,3.137579154968262,22248
"Total","Tarik Skubal","DET",67.1,298,11.36138614,4.00990099,2.83333333,2.80693069,0.2852349,0.10067114,0.18456376,0.24137931,1.38118812,0.26582278,0.84319527,6.202123950565921,4.8663784991219625,22267
"Total","Trevor Rogers","MIA",73,295,10.7260274,2.5890411,4.14285714,0.98630137,0.29491525,0.07118644,0.22372881,0.22846442,1.12328767,0.30113636,0.73170732,3.1792355791576195,3.372778703712156,22286
"Total","Chris Rodriguez","LAA",0,0,0,0,0,0,0,0,0,0,0,0,1,3.137579154968262,3.137579154968262,22310
"Total","Luis Patino","SDP",0,0,0,0,0,0,0,0,0,0,0,0,1,3.191419792175293,3.191419792175293,22815
"Total","Spencer Howard","PHI",0,0,0,0,0,0,0,0,0,0,0,0,1,3.137579154968262,3.137579154968262,23252
"Total","Codi Heuer","CHW",0,0,0,0,0,0,0,0,0,0,0,0,1,3.137579154968262,3.137579154968262,23293
"Total","Brett de Geus","TEX",0,0,0,0,0,0,0,0,0,0,0,0,1,3.137579154968262,3.137579154968262,23592
"Total","Ryan Weathers","SDP",25.2,103,6.66233766,3.50649351,1.9,1.75324675,0.18446602,0.09708738,0.08737864,0.20430108,1.12987013,0.20289855,0.90909091,5.358358374968262,4.934121493665112,23796
"Total","Randy Dobnak","MIN",0,0,0,0,0,0,0,0,0,0,0,0,1,3.1644994735717775,3.1644994735717775,23798
"Total","Jonathan Stiever","CHW",0,0,0,0,0,0,0,0,0,0,0,0,1,3.137579154968262,3.137579154968262,24584
"Total","Joey Gerber","SEA",0,0,0,0,0,0,0,0,0,0,0,0,1,3.191419792175293,3.191419792175293,24591
"Total","Alex Vesia","2 Tms",8,42,12.375,13.5,0.91666667,5.625,0.26190476,0.28571429,-0.02380953,0.20689655,2.25,0.07142857,0.81818182,13.028282674131212,8.244673024964747,25007
"Total","Drew Rasmussen","MIL",0,0,0,0,0,0,0,0,0,0,0,0,1,3.191419792175293,3.191419792175293,25385
"Total","Kwang Hyun Kim","STL",61.2,257,5.98378378,1.8972973,3.15384615,1.16756757,0.15953307,0.05058366,0.10894941,0.23651452,1.13513514,0.25388601,0.77302632,4.251713539751666,4.315285292368143,27458
"Total","Shun Yamaguchi","TOR",0,0,0,0,0,0,0,0,0,0,0,0,1,3.191419792175293,3.191419792175293,27460
"Total","Garrett Crochet","CHW",15.2,66,10.34042553,4.02127659,2.57142857,0,0.27272727,0.10606061,0.16666666,0.21052632,1.21276596,0.3,0.9,2.3853682506352176,4.103275204577324,27463
"Total","Hyeon-Jong Yang","TEX",21,88,6.85714286,4.28571429,1.6,1.71428571,0.18181818,0.11363636,0.06818182,0.24675325,1.38095238,0.25862069,0.76923077,5.518531534968262,4.7047451569920495,27513