,team code, game_date, game_number, mlb id,Name, batting order, confirmed, position,opp_pitch_hand,opp_pitch,bats,k_pct,bb_pct,bb_k,bat_avg,obp,slg,ops,iso,babip,wrc,wraa,woba,wrc_plus,opp_k/9,opp_bb/9,opp_k/bb,opp_hr/9,opp_k_pct,opp_bb_pct,opp_k_bb_pct,opp_avg,opp_whip,opp_babip,opp_lob_pct,opp_fip,opp_xfip,Date,GID,MLB_ID,Starter,Bat order,DK posn,DK pts,DK sal,Team,Oppt,dblhdr,Tm Runs,Opp Runs
2,PIT,6/28/2021,1,668804,Bryan Reynolds,3,N,,L,Kyle Freeland,R,0.26923077,0.11538462,0.42857143,0.29347826,0.375,0.51086957,0.88586957,0.21739131,0.40322581,17.90420197516946,5.349608948531428,0.3786430694524524,140.8037220954003,4.74874372,4.74874372,4.74874372,4.74874372,4.74874372,4.74874372,4.74874372,4.74874372,4.74874372,4.74874372,4.74874372,4.74874372,4.74874372,20210628,2964,668804,1.0,3,7.0,8.0,3900.0,PIT,@ col,,0,2
3,PIT,6/28/2021,1,607732,Jacob Stallings,4,N,,L,Kyle Freeland,R,0.22077922,0.16883117,0.76470588,0.265625,0.38961039,0.546875,0.93648539,0.28125,0.30232558,14.80057060957401,5.45654392481296,0.4006806039190912,154.73371236247505,4.74874372,4.74874372,4.74874372,4.74874372,4.74874372,4.74874372,4.74874372,4.74874372,4.74874372,4.74874372,4.74874372,4.74874372,4.74874372,20210628,2706,607732,1.0,5,2.0,6.0,3500.0,PIT,@ col,,0,2
4,PIT,6/28/2021,1,595943,Phillip Evans,5,N,,L,Kyle Freeland,R,0.19047619,0.07142857,0.375,0.23684211,0.30952381,0.34210526,0.65162907,0.10526315,0.27586207,4.369694135129688,-0.6523181284067651,0.2903877141929808,83.28751901149772,4.74874372,4.74874372,4.74874372,4.74874372,4.74874372,4.74874372,4.74874372,4.74874372,4.74874372,4.74874372,4.74874372,4.74874372,4.74874372,20210628,2848,595943,1.0,6,37.0,0.0,3000.0,PIT,@ col,,0,2
5,PIT,6/28/2021,1,570481,Erik Gonzalez,6,N,,L,Kyle Freeland,R,0.16666667,0.06666667,0.4,0.28915663,0.33707865,0.51807229,0.85515094,0.22891566,0.3125,14.575465041342573,3.644244114998181,0.3638617938823914,130.53765964533554,4.74874372,4.74874372,4.74874372,4.74874372,4.74874372,4.74874372,4.74874372,4.74874372,4.74874372,4.74874372,4.74874372,4.74874372,4.74874372,20210628,2416,570481,1.0,1,36.0,3.0,2700.0,PIT,@ col,,0,2
6,PIT,6/28/2021,1,621028,Kevin Newman,8,N,,L,Kyle Freeland,R,0.04878049,0.08536585,1.75,0.18055556,0.25609756,0.23611111,0.49220867,0.05555555,0.17391304,4.181314308320325,-5.701003935064036,0.2263452512461965,40.658322574385906,4.74874372,4.74874372,4.74874372,4.74874372,4.74874372,4.74874372,4.74874372,4.74874372,4.74874372,4.74874372,4.74874372,4.74874372,4.74874372,20210628,2916,621028,1.0,8,6.0,6.0,2900.0,PIT,@ col,,0,2
7,COL,6/28/2021,1,606132,Raimel Tapia,1,Y,LF,L,Tyler Anderson,L,0.18095238,0.04761905,0.26315789,0.30612245,0.34285714,0.36734694,0.71020408,0.06122449,0.375,12.661882829215234,-0.10758918866902167,0.3123319750740415,81.4739029385387,6.40206186,6.40206186,6.40206186,6.40206186,6.40206186,6.40206186,6.40206186,6.40206186,6.40206186,6.40206186,6.40206186,6.40206186,6.40206186,20210628,2648,606132,1.0,1,7.0,2.0,4800.0,COL,v pit,,2,0
9,COL,6/28/2021,1,596115,Trevor Story,3,Y,SS,L,Tyler Anderson,R,0.18320611,0.11450382,0.625,0.30434783,0.38167939,0.53043478,0.91211417,0.22608695,0.3372093,23.832715883611307,7.879920325933567,0.3865169130838834,130.44526291934295,7.78651685,7.78651685,7.78651685,7.78651685,7.78651685,7.78651685,7.78651685,7.78651685,7.78651685,7.78651685,7.78651685,7.78651685,7.78651685,20210628,2647,596115,1.0,3,6.0,5.0,5600.0,COL,v pit,,2,0
10,COL,6/28/2021,1,453568,Charlie Blackmon,4,Y,RF,L,Tyler Anderson,L,0.14388489,0.07194245,0.5,0.33858268,0.38848921,0.45669291,0.84518212,0.11811023,0.38095238,23.099408552150717,6.115580424766527,0.36819647670649797,117.88844452734007,6.40206186,6.40206186,6.40206186,6.40206186,6.40206186,6.40206186,6.40206186,6.40206186,6.40206186,6.40206186,6.40206186,6.40206186,6.40206186,20210628,7711,453568,1.0,4,7.0,0.0,5100.0,COL,v pit,,2,0
11,COL,6/28/2021,1,543068,CJ Cron,5,Y,1B,L,Tyler Anderson,R,0.25862069,0.06896552,0.26666667,0.30188679,0.36206897,0.56603774,0.92810671,0.26415095,0.37142857,10.72478089658297,3.8462097960499615,0.3955923061946343,140.58330954448004,7.78651685,7.78651685,7.78651685,7.78651685,7.78651685,7.78651685,7.78651685,7.78651685,7.78651685,7.78651685,7.78651685,7.78651685,7.78651685,20210628,2484,543068,1.0,5,3.0,0.0,4500.0,COL,v pit,,2,0
13,COL,6/28/2021,1,641857,Ryan McMahon,7,Y,3B,L,Tyler Anderson,L,0.30909091,0.08181818,0.26470588,0.23,0.3,0.49,0.79,0.26,0.27118644,14.948770080954974,1.61420133456702,0.3331413356536025,95.3164663470118,6.40206186,6.40206186,6.40206186,6.40206186,6.40206186,6.40206186,6.40206186,6.40206186,6.40206186,6.40206186,6.40206186,6.40206186,6.40206186,20210628,2825,641857,1.0,7,5.0,2.0,5400.0,COL,v pit,,2,0
14,COL,6/28/2021,1,553869,Elias Diaz,8,Y,C,L,Tyler Anderson,R,0.24242424,0.07575758,0.3125,0.16393443,0.22727273,0.27868852,0.50596125,0.11475409,0.18604651,3.2931027036097773,-4.652241193136859,0.2262589859239983,25.509604474974516,7.78651685,7.78651685,7.78651685,7.78651685,7.78651685,7.78651685,7.78651685,7.78651685,7.78651685,7.78651685,7.78651685,7.78651685,7.78651685,20210628,2612,553869,1.0,8,2.0,16.0,3600.0,COL,v pit,,2,0
15,PHI,6/28/2021,1,546318,Odubel Herrera,1,Y,CF,L,Wade Miley,L,0.17391304,0.08695652,0.5,0.28205128,0.37777778,0.41025641,0.78803419,0.12820513,0.33333333,6.952577663719374,1.5892827195522363,0.3526121113035414,124.21678361273744,7.53488372,7.53488372,7.53488372,7.53488372,7.53488372,7.53488372,7.53488372,7.53488372,7.53488372,7.53488372,7.53488372,7.53488372,7.53488372,20210628,2539,546318,1.0,1,7.0,10.0,3400.0,PHI,@ cin,,4,12
16,PHI,6/28/2021,1,656555,Rhys Hoskins,2,Y,1B,L,Wade Miley,R,0.16260163,0.17073171,1.05,0.32653061,0.46341463,0.65306122,1.11647585,0.32653061,0.35211268,30.582014126740965,15.749601705037625,0.4695413805604951,199.3209812081432,7.24832215,7.24832215,7.24832215,7.24832215,7.24832215,7.24832215,7.24832215,7.24832215,7.24832215,7.24832215,7.24832215,7.24832215,7.24832215,20210628,2823,656555,1.0,2,3.0,0.0,5000.0,PHI,@ cin,,4,12
17,PHI,6/28/2021,1,457705,Andrew McCutchen,3,Y,LF,L,Wade Miley,R,0.22916667,0.125,0.54545455,0.29032258,0.38888889,0.58870968,0.97759857,0.2983871,0.32926829,29.18904547398387,11.765211410871133,0.4144816965692573,162.83286517101288,7.24832215,7.24832215,7.24832215,7.24832215,7.24832215,7.24832215,7.24832215,7.24832215,7.24832215,7.24832215,7.24832215,7.24832215,7.24832215,20210628,7639,457705,1.0,3,7.0,6.0,3700.0,PHI,@ cin,,4,12
18,PHI,6/28/2021,1,547180,Bryce Harper,4,Y,RF,L,Wade Miley,L,0.328,0.168,0.51219512,0.26,0.40322581,0.44,0.84322581,0.18,0.4,21.373597418969,6.156102297907194,0.3736408708557006,135.97264610373585,7.53488372,7.53488372,7.53488372,7.53488372,7.53488372,7.53488372,7.53488372,7.53488372,7.53488372,7.53488372,7.53488372,7.53488372,7.53488372,20210628,7701,547180,1.0,4,7.0,5.0,5200.0,PHI,@ cin,,4,12
19,PHI,6/28/2021,1,664761,Alec Bohm,5,Y,3B,L,Wade Miley,R,0.21212121,0.09090909,0.42857143,0.27586207,0.33333333,0.47126437,0.8045977,0.1954023,0.30769231,14.212903551191035,2.285952649444285,0.3417517982348047,115.30794032459411,7.24832215,7.24832215,7.24832215,7.24832215,7.24832215,7.24832215,7.24832215,7.24832215,7.24832215,7.24832215,7.24832215,7.24832215,7.24832215,20210628,3326,664761,1.0,5,5.0,21.0,4200.0,PHI,@ cin,,4,12
22,PHI,6/28/2021,1,595284,Andrew Knapp,8,Y,C,L,Wade Miley,R,0.29411765,0.01960784,0.06666667,0.18,0.19607843,0.2,0.39607843,0.02,0.25714286,0.5228269903307499,-5.566395701622434,0.1764351012660008,7.335985212239421,7.24832215,7.24832215,7.24832215,7.24832215,7.24832215,7.24832215,7.24832215,7.24832215,7.24832215,7.24832215,7.24832215,7.24832215,7.24832215,20210628,2755,595284,1.0,8,2.0,5.0,2900.0,PHI,@ cin,,4,12
23,CIN,6/28/2021,1,663697,Jonathan India,1,Y,2B,R,Spencer Howard,R,0.20869565,0.09565217,0.45833333,0.24210526,0.34782609,0.4,0.74782609,0.15789474,0.28169014,15.334440631098659,1.926203270680816,0.3303376622821973,107.16021302592642,10.35,10.35,10.35,10.35,10.35,10.35,10.35,10.35,10.35,10.35,10.35,10.35,10.35,20210628,3680,663697,1.0,1,4.0,7.0,4300.0,CIN,v phi,,12,4
24,CIN,6/28/2021,1,608385,Jesse Winker,2,Y,LF,R,Spencer Howard,L,0.20547945,0.11643836,0.56666667,0.31620553,0.40410959,0.64031621,1.0444258,0.32411068,0.3372093,64.93108581434142,29.617044214710106,0.4392200291973271,176.58426573969842,9.5,9.5,9.5,9.5,9.5,9.5,9.5,9.5,9.5,9.5,9.5,9.5,9.5,20210628,2766,608385,1.0,2,7.0,11.0,5000.0,CIN,v phi,,12,4
25,CIN,6/28/2021,1,592206,Nick Castellanos,3,Y,RF,R,Spencer Howard,R,0.26436782,0.09195402,0.34782609,0.27974277,0.35344828,0.55305466,0.90650294,0.27331189,0.335,61.6840067958841,19.429723963738414,0.3844472853274181,140.30384825977023,10.35,10.35,10.35,10.35,10.35,10.35,10.35,10.35,10.35,10.35,10.35,10.35,10.35,20210628,5217,592206,1.0,3,7.0,36.0,4300.0,CIN,v phi,,12,4
26,CIN,6/28/2021,1,458015,Joey Votto,4,Y,1B,R,Spencer Howard,L,0.18253968,0.13492063,0.73913043,0.24311927,0.3452381,0.47706422,0.82230232,0.23394495,0.25157233,38.653531893626685,7.797718725637437,0.3534638572974034,119.58323590913984,9.5,9.5,9.5,9.5,9.5,9.5,9.5,9.5,9.5,9.5,9.5,9.5,9.5,20210628,3172,458015,1.0,4,3.0,19.0,4400.0,CIN,v phi,,12,4
27,CIN,6/28/2021,1,553993,Eugenio Suarez,6,Y,3B,R,Spencer Howard,R,0.30563798,0.10682493,0.34951456,0.19322034,0.28783383,0.43728814,0.72512197,0.2440678,0.20809249,40.168965316991574,-0.6508945006325186,0.31166466556134675,92.78771364000264,10.35,10.35,10.35,10.35,10.35,10.35,10.35,10.35,10.35,10.35,10.35,10.35,10.35,20210628,2424,553993,1.0,6,5.0,7.0,3900.0,CIN,v phi,,12,4
28,CIN,6/28/2021,1,571466,Tucker Barnhart,7,Y,C,R,Spencer Howard,L,0.27403846,0.09615385,0.35087719,0.26486486,0.34615385,0.43783784,0.78399169,0.17297298,0.34710744,29.904314612612858,4.866609012351175,0.3427511519537522,113.4719549340664,9.5,9.5,9.5,9.5,9.5,9.5,9.5,9.5,9.5,9.5,9.5,9.5,9.5,20210628,2411,571466,1.0,7,2.0,3.0,3400.0,CIN,v phi,,12,4
29,NYY,6/28/2021,1,518934,DJ LeMahieu,1,N,,R,Dylan Bundy,R,0.14743589999999998,0.09935897,0.67391304,0.3115942,0.38461538,0.47101449,0.85562987,0.15942029,0.33936652,52.677512275052926,14.763551609588527,0.37099847980798817,138.5697329000844,10.8,10.8,10.8,10.8,10.8,10.8,10.8,10.8,10.8,10.8,10.8,10.8,10.8,20210628,4247,518934,1.0,1,34.0,5.0,5500.0,NYY,v laa,,3,5
30,NYY,6/28/2021,1,592450,Aaron Judge,2,N,,R,Dylan Bundy,R,0.27477477,0.11711712,0.42622951,0.26804124,0.35746606,0.5257732,0.88323926,0.25773196,0.31932773,38.39960628627794,11.747463642349407,0.37852037546321815,143.77965594475125,10.8,10.8,10.8,10.8,10.8,10.8,10.8,10.8,10.8,10.8,10.8,10.8,10.8,20210628,2728,592450,1.0,2,7.0,7.0,5300.0,NYY,v laa,,3,5
31,NYY,6/28/2021,1,572228,Luke Voit,3,N,,R,Dylan Bundy,R,0.24761905,0.06666667,0.26923077,0.28272251,0.34285714,0.57591623,0.91877337,0.29319372,0.30081301,37.9272285950027,11.825375991745998,0.3849746411754971,146.9884747425165,10.8,10.8,10.8,10.8,10.8,10.8,10.8,10.8,10.8,10.8,10.8,10.8,10.8,20210628,2798,572228,1.0,5,3.0,0.0,4700.0,NYY,v laa,,3,5
32,NYY,6/28/2021,1,519317,Giancarlo Stanton,4,N,,R,Dylan Bundy,R,0.30939227,0.12707182,0.41071429,0.27096774,0.37222222,0.5483871,0.92060932,0.27741936,0.35227273,33.1273078616274,11.371649056257072,0.3904830344607321,151.92753111474002,10.8,10.8,10.8,10.8,10.8,10.8,10.8,10.8,10.8,10.8,10.8,10.8,10.8,20210628,7672,519317,1.0,4,7.0,14.0,5900.0,NYY,v laa,,3,5
34,NYY,6/28/2021,1,650402,Gleyber Torres,6,N,,R,Dylan Bundy,R,0.19433198,0.12955466,0.66666667,0.25233645,0.35222672,0.35981308,0.7120398,0.10747663,0.30864198,31.16692599931607,1.2961572212899704,0.32084775067534044,104.40028215601716,10.8,10.8,10.8,10.8,10.8,10.8,10.8,10.8,10.8,10.8,10.8,10.8,10.8,20210628,2690,650402,1.0,6,6.0,0.0,3400.0,NYY,v laa,,3,5
36,NYY,6/28/2021,1,458731,Brett Gardner,9,N,,R,Dylan Bundy,L,0.22666667,0.14666667,0.64705882,0.2287234,0.34222222,0.37765957,0.71988179,0.14893617,0.28148148,28.30909439245959,0.8693538687636369,0.3193692366282145,103.17891547510176,8.50276243,8.50276243,8.50276243,8.50276243,8.50276243,8.50276243,8.50276243,8.50276243,8.50276243,8.50276243,8.50276243,8.50276243,8.50276243,20210628,7624,458731,1.0,9,7.0,0.0,3200.0,NYY,v laa,,3,5
37,NYM,6/28/2021,1,643446,Jeff McNeil,1,N,,R,Paolo Espino,L,0.10572687,0.09251101,0.875,0.27586207,0.34801762,0.44334975,0.79136737,0.16748768,0.28323699,32.706111037000205,5.051053889854933,0.34113004446029666,119.6092092283548,4.90909091,4.90909091,4.90909091,4.90909091,4.90909091,4.90909091,4.90909091,4.90909091,4.90909091,4.90909091,4.90909091,4.90909091,4.90909091,20210628,2940,643446,1.0,1,4.0,8.0,3500.0,NYM,@ was,,4,8
38,NYM,6/28/2021,1,596019,Francisco Lindor,2,N,,R,Paolo Espino,L,0.17417417,0.10510511,0.60344828,0.21917808,0.30630631,0.34931507,0.65562138,0.13013699,0.24122807,33.160730086639234,-7.451872899756126,0.2874844341567068,81.3164040023738,4.90909091,4.90909091,4.90909091,4.90909091,4.90909091,4.90909091,4.90909091,4.90909091,4.90909091,4.90909091,4.90909091,4.90909091,4.90909091,20210628,6265,596019,1.0,2,6.0,0.0,5400.0,NYM,@ was,,4,8
40,NYM,6/28/2021,1,642086,Dominic Smith,5,N,,R,Paolo Espino,L,0.2265625,0.05078125,0.22413793,0.28389831,0.33203125,0.50423729,0.83626854,0.22033898,0.33529412,39.20916929009823,8.155034347507032,0.3522704384458347,126.62679963688456,4.90909091,4.90909091,4.90909091,4.90909091,4.90909091,4.90909091,4.90909091,4.90909091,4.90909091,4.90909091,4.90909091,4.90909091,4.90909091,20210628,2824,642086,1.0,3,7.0,8.0,4000.0,NYM,@ was,,4,8
42,NYM,6/28/2021,1,607680,Kevin Pillar,7,N,,R,Paolo Espino,R,0.2,0.05365854,0.26829268,0.2617801,0.31219512,0.40837696,0.72057208,0.14659686,0.31506849,24.480458545393986,-0.6810249510335467,0.3130180219324624,91.67702583803431,9.75,9.75,9.75,9.75,9.75,9.75,9.75,9.75,9.75,9.75,9.75,9.75,9.75,20210628,7799,607680,1.0,6,7.0,0.0,4200.0,NYM,@ was,,4,8
43,NYM,6/28/2021,1,641645,Luis Guillorme,8,N,,R,Paolo Espino,L,0.175,0.1625,0.92857143,0.36363636,0.4625,0.45454545,0.91704545,0.09090909,0.45283019,15.68108935644359,5.835386603972617,0.4046535551548004,160.6004553037659,4.90909091,4.90909091,4.90909091,4.90909091,4.90909091,4.90909091,4.90909091,4.90909091,4.90909091,4.90909091,4.90909091,4.90909091,4.90909091,20210628,2875,641645,1.0,7,45.0,8.0,3300.0,NYM,@ was,,4,8
44,KC,6/28/2021,1,593160,Whit Merrifield,1,N,,R,Garrett Richards,R,0.13966479999999998,0.05307263,0.38,0.25766871,0.30726257,0.39263804,0.69990061,0.13496933,0.27205882,40.293151516383354,-3.2968310751860592,0.3036106253802444,90.30768335216476,7.99441341,7.99441341,7.99441341,7.99441341,7.99441341,7.99441341,7.99441341,7.99441341,7.99441341,7.99441341,7.99441341,7.99441341,7.99441341,20210628,2699,593160,1.0,1,47.0,22.0,5600.0,KAN,@ bos,,5,6
45,KC,6/28/2021,1,467793,Carlos Santana,2,N,,R,Garrett Richards,L,0.17751479,0.21005917,1.18333333,0.19157088,0.36390533,0.35632184,0.72022717,0.16475096,0.19270833,44.30921633991497,3.2119321346570717,0.3272701092064381,105.82960651792769,7.83870968,7.83870968,7.83870968,7.83870968,7.83870968,7.83870968,7.83870968,7.83870968,7.83870968,7.83870968,7.83870968,7.83870968,7.83870968,20210628,2317,467793,1.0,3,3.0,18.0,4600.0,KAN,@ bos,,5,6
46,KC,6/28/2021,1,521692,Salvador Perez,3,N,,R,Garrett Richards,R,0.2556391,0.01879699,0.07352941,0.3254902,0.34586466,0.58039216,0.92625682,0.25490196,0.3908046,49.018290440503385,16.94118272042634,0.3911564114846681,150.21574114426522,7.99441341,7.99441341,7.99441341,7.99441341,7.99441341,7.99441341,7.99441341,7.99441341,7.99441341,7.99441341,7.99441341,7.99441341,7.99441341,20210628,2346,521692,1.0,4,2.0,0.0,5000.0,KAN,@ bos,,5,6
47,KC,6/28/2021,1,624585,Jorge Soler,4,N,,R,Garrett Richards,R,0.33110368,0.09698997,0.29292929,0.2109375,0.29931973,0.40625,0.70556973,0.1953125,0.28187919,34.38485132723017,-1.8525645303829124,0.3066516733493935,92.54319358006727,7.99441341,7.99441341,7.99441341,7.99441341,7.99441341,7.99441341,7.99441341,7.99441341,7.99441341,7.99441341,7.99441341,7.99441341,7.99441341,20210628,7755,624585,1.0,2,7.0,8.0,3400.0,KAN,@ bos,,5,6
48,KC,6/28/2021,1,641531,Hunter Dozier,6,N,,R,Garrett Richards,R,0.26,0.12,0.46153846,0.18721461,0.28800000000000003,0.36986301,0.65786301,0.1826484,0.21527778,25.51178986578515,-5.039356112486815,0.2905267753601074,81.2923716615448,7.99441341,7.99441341,7.99441341,7.99441341,7.99441341,7.99441341,7.99441341,7.99441341,7.99441341,7.99441341,7.99441341,7.99441341,7.99441341,20210628,2737,641531,1.0,7,37.0,3.0,2900.0,KAN,@ bos,,5,6
49,KC,6/28/2021,1,670032,Nicky Lopez,9,N,,R,Garrett Richards,L,0.18146718,0.1042471,0.57446809,0.21777778,0.30708661,0.28444444,0.59153105,0.06666666,0.2752809,22.077409908855767,-9.380115478550572,0.2712416810782876,68.28537578043836,7.83870968,7.83870968,7.83870968,7.83870968,7.83870968,7.83870968,7.83870968,7.83870968,7.83870968,7.83870968,7.83870968,7.83870968,7.83870968,20210628,2980,670032,1.0,9,46.0,3.0,2600.0,KAN,@ bos,,5,6
51,BOS,6/28/2021,1,646240,Rafael Devers,2,Y,3B,L,Danny Duffy,L,0.26,0.08,0.30769231,0.23134328,0.31333333,0.35074627,0.6640796,0.11940299,0.30434783,15.925433268152466,-2.3587920243513683,0.297355500459671,83.45765046910056,11.11764706,11.11764706,11.11764706,11.11764706,11.11764706,11.11764706,11.11764706,11.11764706,11.11764706,11.11764706,11.11764706,11.11764706,11.11764706,20210628,2813,646240,1.0,2,5.0,2.0,5300.0,BOS,v kan,,6,5
52,BOS,6/28/2021,1,502110,JD Martinez,3,Y,DH,L,Danny Duffy,R,0.17886179,0.07317073,0.40909091,0.24107143,0.30081301,0.41071429,0.7115273,0.16964286,0.26436782,13.263307962149453,-1.6405849125682619,0.29885195394357045,84.9459602148573,9.33333333,9.33333333,9.33333333,9.33333333,9.33333333,9.33333333,9.33333333,9.33333333,9.33333333,9.33333333,9.33333333,9.33333333,9.33333333,20210628,7716,502110,1.0,3,7.0,2.0,5400.0,BOS,v kan,,6,5
53,BOS,6/28/2021,1,593428,Xander Bogaerts,4,Y,SS,L,Danny Duffy,R,0.17424242,0.10606061,0.60869565,0.34745763,0.41666667,0.56779661,0.98446328,0.22033898,0.38636364,27.417112058365912,11.410268528724279,0.4198167442365457,167.08041487636237,9.33333333,9.33333333,9.33333333,9.33333333,9.33333333,9.33333333,9.33333333,9.33333333,9.33333333,9.33333333,9.33333333,9.33333333,9.33333333,20210628,6295,593428,1.0,4,6.0,7.0,5000.0,BOS,v kan,,6,5
54,BOS,6/28/2021,1,592669,Hunter Renfroe,5,Y,RF,L,Danny Duffy,R,0.23232323,0.12121212,0.52173913,0.23529412,0.33333333,0.51764706,0.85098039,0.28235294,0.23214286,15.684553331215994,3.6861219764548703,0.3608753657100177,131.29303150397138,9.33333333,9.33333333,9.33333333,9.33333333,9.33333333,9.33333333,9.33333333,9.33333333,9.33333333,9.33333333,9.33333333,9.33333333,9.33333333,20210628,2747,592669,1.0,5,7.0,30.0,3700.0,BOS,v kan,,6,5
55,BOS,6/28/2021,1,543877,Christian Vazquez,6,Y,C,L,Danny Duffy,R,0.24324324,0.08108108,0.33333333,0.22772277,0.28828829,0.40594059,0.69422888,0.17821782,0.25714286,12.15343108677661,-1.3334712544699947,0.2995978024628785,85.50076668412655,9.33333333,9.33333333,9.33333333,9.33333333,9.33333333,9.33333333,9.33333333,9.33333333,9.33333333,9.33333333,9.33333333,9.33333333,9.33333333,20210628,2398,543877,1.0,6,2.0,2.0,3900.0,BOS,v kan,,6,5
56,BOS,6/28/2021,1,666915,Bobby Dalbec,7,Y,1B,L,Danny Duffy,R,0.38461538,0.03846154,0.1,0.30666667,0.33333333,0.68,1.01333333,0.37333333,0.42105263,16.291514685745234,6.947050368781087,0.4222968908456656,169.23145120984674,9.33333333,9.33333333,9.33333333,9.33333333,9.33333333,9.33333333,9.33333333,9.33333333,9.33333333,9.33333333,9.33333333,9.33333333,9.33333333,20210628,3346,666915,1.0,7,3.0,19.0,3200.0,BOS,v kan,,6,5
57,BOS,6/28/2021,1,503556,Marwin Gonzalez,8,Y,LF,L,Danny Duffy,R,0.17757009,0.05607477,0.31578947,0.2244898,0.27102804,0.29591837,0.56694641,0.07142857,0.27160494,7.329621278267719,-5.744517929333828,0.25167749529687045,54.50948496940774,9.33333333,9.33333333,9.33333333,9.33333333,9.33333333,9.33333333,9.33333333,9.33333333,9.33333333,9.33333333,9.33333333,9.33333333,9.33333333,20210628,6273,503556,1.0,8,46.0,3.0,2900.0,BOS,v kan,,6,5
58,BOS,6/28/2021,1,656308,Michael Chavis,9,Y,2B,L,Danny Duffy,R,0.32857143,0.04285714,0.13043478,0.23076923,0.25714286,0.44615385,0.70329671,0.21538462,0.29268293,7.1272079548482665,-1.5436260574813112,0.29306997401373724,79.50153086016522,9.33333333,9.33333333,9.33333333,9.33333333,9.33333333,9.33333333,9.33333333,9.33333333,9.33333333,9.33333333,9.33333333,9.33333333,9.33333333,20210628,2963,656308,1.0,9,34.0,5.0,3700.0,BOS,v kan,,6,5
59,DET,6/28/2021,1,668731,Akil Baddoo,1,Y,CF,R,Eli Morgan,L,0.36734694,0.11224489999999998,0.30555556,0.26744186,0.34693878,0.56976744,0.91670622,0.30232558,0.40425532,17.12646040207789,5.700310303634857,0.3821655081719467,145.59787286528422,0.0,0.0,0.0,0.0,0.0,0.0,0.0,0.0,0.0,0.0,0.0,0.0,0.0,20210628,3677,668731,1.0,1,7.0,0.0,3000.0,DET,@ cle,,5,13
60,DET,6/28/2021,1,570731,Jonathan Schoop,2,Y,1B,R,Eli Morgan,R,0.2137931,0.06206897,0.29032258,0.2518797,0.30689655,0.39849624,0.70539279,0.14661654,0.29081633,33.53785747765419,-1.5429973852742005,0.30697942561116714,93.32987299511906,3.375,3.375,3.375,3.375,3.375,3.375,3.375,3.375,3.375,3.375,3.375,3.375,3.375,20210628,6268,570731,1.0,2,34.0,3.0,5300.0,DET,@ cle,,5,13
61,DET,6/28/2021,1,543257,Robbie Grossman,3,Y,LF,R,Eli Morgan,L,0.21276596,0.13069909,0.61428571,0.24548736,0.35866261,0.45126354,0.80992615,0.20577618,0.28426396,49.42964717056723,9.569339469635203,0.3495954191026512,125.27118507678968,0.0,0.0,0.0,0.0,0.0,0.0,0.0,0.0,0.0,0.0,0.0,0.0,0.0,20210628,7778,543257,1.0,3,7.0,14.0,3200.0,DET,@ cle,,5,13
62,DET,6/28/2021,1,408234,Miguel Cabrera,4,Y,DH,R,Eli Morgan,R,0.22789116,0.0952381,0.41791045,0.20912548,0.28571429,0.3460076,0.63172189,0.13688212,0.23529412,26.806651253718943,-9.169459800701533,0.2781057943663093,72.97300048277393,3.375,3.375,3.375,3.375,3.375,3.375,3.375,3.375,3.375,3.375,3.375,3.375,3.375,20210628,5125,408234,1.0,4,3.0,21.0,2600.0,DET,@ cle,,5,13
63,DET,6/28/2021,1,600869,Jeimer Candelario,5,Y,3B,R,Eli Morgan,L,0.25786164,0.09748428,0.37804878,0.26315789,0.33962264,0.42807018,0.76769282,0.16491229,0.34020619,43.976760512436286,5.4525902031310975,0.3353242707327477,112.35522578430486,0.0,0.0,0.0,0.0,0.0,0.0,0.0,0.0,0.0,0.0,0.0,0.0,0.0,20210628,2640,600869,1.0,5,5.0,5.0,3000.0,DET,@ cle,,5,13
64,DET,6/28/2021,1,663662,Daz Cameron,6,Y,RF,R,Eli Morgan,R,0.28846154,0.03846154,0.13333333,0.2,0.23076923,0.24,0.47076923,0.04,0.28571429,1.7238048882311403,-4.803673210638183,0.2102698729588436,25.00674468445505,3.375,3.375,3.375,3.375,3.375,3.375,3.375,3.375,3.375,3.375,3.375,3.375,3.375,20210628,3357,663662,1.0,6,7.0,0.0,2000.0,DET,@ cle,,5,13
65,DET,6/28/2021,1,605612,Harold Castro,7,Y,SS,R,Eli Morgan,L,0.17518248,0.08029197,0.45833333,0.344,0.39705882,0.384,0.78105882,0.04,0.42574257,20.418851827615036,3.998807532125242,0.34881234431968017,121.94192733221143,0.0,0.0,0.0,0.0,0.0,0.0,0.0,0.0,0.0,0.0,0.0,0.0,0.0,20210628,2939,605612,1.0,7,56.0,2.0,2700.0,DET,@ cle,,5,13
66,DET,6/28/2021,1,650489,Willi Castro,8,Y,2B,R,Eli Morgan,L,0.30084746,0.05084746,0.16901408,0.26851852,0.31914894,0.43518519,0.75433413,0.16666667,0.35971223,30.95044202812763,2.4068755851015644,0.3251719601610873,105.94969424268405,0.0,0.0,0.0,0.0,0.0,0.0,0.0,0.0,0.0,0.0,0.0,0.0,0.0,20210628,3267,650489,1.0,8,4.0,5.0,2400.0,DET,@ cle,,5,13
68,CHC,6/28/2021,1,592626,Joc Pederson,1,N,,R,Freddy Peralta,L,0.24481328,0.08713693,0.35593220000000003,0.21153846,0.30416667,0.42307692,0.72724359,0.21153846,0.23404255,29.13243012732449,-0.11025889360723352,0.3151604267458121,99.89866999362957,11.73103448,11.73103448,11.73103448,11.73103448,11.73103448,11.73103448,11.73103448,11.73103448,11.73103448,11.73103448,11.73103448,11.73103448,11.73103448,20210628,2523,592626,1.0,1,7.0,8.0,4100.0,CHC,@ mil,,4,14
69,CHC,6/28/2021,1,592178,Kris Bryant,2,N,,R,Freddy Peralta,R,0.26335878,0.08396947,0.31884058,0.23931624,0.31679389,0.41452991,0.7313238000000001,0.17521367,0.29936306,32.234714078408516,0.686525228124899,0.3183963520316785,100.73164538413172,15.2,15.2,15.2,15.2,15.2,15.2,15.2,15.2,15.2,15.2,15.2,15.2,15.2,20210628,2554,592178,1.0,4,57.0,0.0,5100.0,CHC,@ mil,,4,14
70,CHC,6/28/2021,1,595879,Javier Baez,3,N,,R,Freddy Peralta,R,0.33870968,0.02580645,0.07619048,0.22945205,0.26213592,0.40753425,0.66967017,0.17808220000000002,0.30508475,29.837353368414608,-7.870225730227258,0.2855168203641842,78.636139009746,15.2,15.2,15.2,15.2,15.2,15.2,15.2,15.2,15.2,15.2,15.2,15.2,15.2,20210628,2513,595879,1.0,3,6.0,2.0,3900.0,CHC,@ mil,,4,14
71,CHC,6/28/2021,1,664023,Ian Happ,6,N,,R,Freddy Peralta,L,0.26460481,0.12714777,0.48051948,0.23694779,0.34707904,0.48594378,0.83302282,0.24899599,0.27564103,46.00741919410897,10.541919264025232,0.35871147187714725,126.63229178740605,11.73103448,11.73103448,11.73103448,11.73103448,11.73103448,11.73103448,11.73103448,11.73103448,11.73103448,11.73103448,11.73103448,11.73103448,11.73103448,20210628,2775,664023,1.0,2,47.0,21.0,3400.0,CHC,@ mil,,4,14
72,CHC,6/28/2021,1,518792,Jason Heyward,7,N,,R,Freddy Peralta,L,0.2125,0.13333333,0.62745098,0.25490196,0.3625,0.44607843,0.80857843,0.19117647,0.30136986,36.77685061542681,7.552469339951791,0.3518699953745599,122.38115118721727,11.73103448,11.73103448,11.73103448,11.73103448,11.73103448,11.73103448,11.73103448,11.73103448,11.73103448,11.73103448,11.73103448,11.73103448,11.73103448,20210628,7669,518792,1.0,5,7.0,0.0,2600.0,CHC,@ mil,,4,14
74,MIL,6/28/2021,1,592885,Christian Yelich,2,N,,R,Kyle Hendricks,L,0.31034483,0.18103448,0.58333333,0.19148936,0.34482759,0.34574468,0.69057227,0.15425532,0.25925926,27.456800080723013,-1.1564962865050081,0.3118959553863691,93.66892643911041,8.82692308,8.82692308,8.82692308,8.82692308,8.82692308,8.82692308,8.82692308,8.82692308,8.82692308,8.82692308,8.82692308,8.82692308,8.82692308,20210628,7793,592885,1.0,2,7.0,13.0,5700.0,MIL,v chc,,14,4
75,MIL,6/28/2021,1,541645,Avisail Garcia,3,N,,R,Kyle Hendricks,R,0.24814815,0.05925926,0.23880597,0.23076923,0.29259259,0.3562753,0.64886789,0.12550607,0.28323699,26.564089029225673,-6.167028353419938,0.28793327653849565,78.97010839754493,5.69058296,5.69058296,5.69058296,5.69058296,5.69058296,5.69058296,5.69058296,5.69058296,5.69058296,5.69058296,5.69058296,5.69058296,5.69058296,20210628,7760,541645,1.0,5,7.0,26.0,4400.0,MIL,v chc,,14,4
76,MIL,6/28/2021,1,553882,Omar Narvaez,4,N,,R,Kyle Hendricks,L,0.22857143,0.11428571,0.5,0.24725275,0.34285714,0.37362637,0.71648351,0.12637362,0.30769231,26.192645107429442,0.7609217511824946,0.3206032131399427,100.4715828186225,8.82692308,8.82692308,8.82692308,8.82692308,8.82692308,8.82692308,8.82692308,8.82692308,8.82692308,8.82692308,8.82692308,8.82692308,8.82692308,20210628,2712,553882,1.0,4,2.0,6.0,4800.0,MIL,v chc,,14,4
77,MIL,6/28/2021,1,669374,Keston Hiura,5,N,,R,Kyle Hendricks,R,0.34482759,0.05747126,0.16666667,0.18614719,0.27307692,0.37229437,0.64537129,0.18614718,0.24427481,24.87705874393549,-7.188925758499242,0.2829141268363366,74.8465963500589,5.69058296,5.69058296,5.69058296,5.69058296,5.69058296,5.69058296,5.69058296,5.69058296,5.69058296,5.69058296,5.69058296,5.69058296,5.69058296,20210628,2979,669374,1.0,7,3.0,27.0,3500.0,MIL,v chc,,14,4
78,MIL,6/28/2021,1,642715,Willy Adames,6,N,,R,Kyle Hendricks,R,0.34482759,0.09195402,0.26666667,0.23628692,0.30651341,0.40506329,0.7115767,0.16877637,0.34532374,30.613769685256386,-1.1752280617476492,0.3097043731660222,99.8504263205652,5.69058296,5.69058296,5.69058296,5.69058296,5.69058296,5.69058296,5.69058296,5.69058296,5.69058296,5.69058296,5.69058296,5.69058296,5.69058296,20210628,2882,642715,1.0,3,6.0,21.0,4800.0,MIL,v chc,,14,4
79,MIL,6/28/2021,1,649966,Luis Urias,7,N,,R,Kyle Hendricks,R,0.26086957,0.11594203,0.44444444,0.21311475,0.30434783,0.33333333,0.63768116,0.12021858,0.27419355,19.77073429638537,-5.105702652390878,0.2839079240473305,76.98320287810284,5.69058296,5.69058296,5.69058296,5.69058296,5.69058296,5.69058296,5.69058296,5.69058296,5.69058296,5.69058296,5.69058296,5.69058296,5.69058296,20210628,2919,649966,1.0,1,5.0,14.0,5000.0,MIL,v chc,,14,4
81,BAL,6/28/2021,1,656775,Cedric Mullins,1,N,,R,Zack Greinke,L,0.21484375,0.078125,0.36363636,0.3,0.35968379,0.46521739,0.82490118,0.16521739,0.37058824,39.537043316649324,8.661609506594077,0.35590049127737683,128.1151173379765,9.08910891,9.08910891,9.08910891,9.08910891,9.08910891,9.08910891,9.08910891,9.08910891,9.08910891,9.08910891,9.08910891,9.08910891,9.08910891,20210628,2911,656775,1.0,1,7.0,23.0,4000.0,BAL,@ hou,,9,7
82,BAL,6/28/2021,1,641820,Trey Mancini,2,N,,R,Zack Greinke,R,0.22962963,0.08148148,0.35483871,0.24590164,0.31851852,0.44262295,0.76114147,0.19672131,0.29069767,18.20320732732449,2.4631025998774527,0.332209226820204,113.69524940129938,6.44939271,6.44939271,6.44939271,6.44939271,6.44939271,6.44939271,6.44939271,6.44939271,6.44939271,6.44939271,6.44939271,6.44939271,6.44939271,20210628,2745,641820,1.0,3,3.0,6.0,4100.0,BAL,@ hou,,9,7
83,BAL,6/28/2021,1,663624,Ryan Mountcastle,4,N,,R,Zack Greinke,R,0.28888889,0.05333333,0.18461538,0.26190476,0.30666667,0.3952381,0.70190477,0.13333334,0.35,26.00999920510809,-1.1706246764107426,0.30553283400005765,94.48058564912331,6.44939271,6.44939271,6.44939271,6.44939271,6.44939271,6.44939271,6.44939271,6.44939271,6.44939271,6.44939271,6.44939271,6.44939271,6.44939271,20210628,3339,663624,1.0,4,37.0,27.0,3700.0,BAL,@ hou,,9,7
84,BAL,6/28/2021,1,669720,Austin Hays,5,N,,R,Zack Greinke,R,0.20725389,0.07253886,0.35,0.25433526,0.32124352,0.37572254,0.69696606,0.12138728,0.3,22.22777494680037,-1.2039910342181712,0.3073077109193555,94.98709432726051,6.44939271,6.44939271,6.44939271,6.44939271,6.44939271,6.44939271,6.44939271,6.44939271,6.44939271,6.44939271,6.44939271,6.44939271,6.44939271,20210628,2845,669720,1.0,2,7.0,26.0,2600.0,BAL,@ hou,,9,7
85,BAL,6/28/2021,1,602104,Ramon Urias,6,N,,R,Zack Greinke,R,0.30434783,0.06521739,0.21428571,0.30952381,0.36956522,0.45238095,0.82194617,0.14285714,0.44444444,7.244813145899648,1.7117521258233728,0.35857063143149664,130.31922889847644,6.44939271,6.44939271,6.44939271,6.44939271,6.44939271,6.44939271,6.44939271,6.44939271,6.44939271,6.44939271,6.44939271,6.44939271,6.44939271,20210628,3334,602104,1.0,8,46.0,7.0,2300.0,BAL,@ hou,,9,7
86,BAL,6/28/2021,1,600474,Pedro Severino,9,N,,R,Zack Greinke,R,0.22535211,0.08450704,0.375,0.25388601,0.32075472,0.35233161,0.67308633,0.0984456,0.32394366,22.853079871610003,-3.1875402318684296,0.2972482798788785,87.85601982822217,6.44939271,6.44939271,6.44939271,6.44939271,6.44939271,6.44939271,6.44939271,6.44939271,6.44939271,6.44939271,6.44939271,6.44939271,6.44939271,20210628,2611,600474,1.0,6,2.0,16.0,2400.0,BAL,@ hou,,9,7
87,ARI,6/28/2021,1,668942,Josh Rojas,1,N,,L,Wade LeBlanc,L,0.34328358,0.05970149,0.17391304,0.25806452,0.3030303,0.35483871,0.65786901,0.09677419,0.39473684,6.7846030395561145,-1.2862692821687751,0.2912889122962952,81.18944056284063,4.69565217,4.69565217,4.69565217,4.69565217,4.69565217,4.69565217,4.69565217,4.69565217,4.69565217,4.69565217,4.69565217,4.69565217,4.69565217,20210628,3261,668942,1.0,1,46.0,19.0,3500.0,ARI,@ stl,,1,7
88,ARI,6/28/2021,1,500871,Eduardo Escobar,3,N,,L,Wade LeBlanc,R,0.15929204,0.05309735,0.33333333,0.24528302,0.28318584,0.43396226,0.7171481,0.18867924,0.25,12.47356685290776,-1.291197508175748,0.304226459137031,88.15971435722699,6.328125,6.328125,6.328125,6.328125,6.328125,6.328125,6.328125,6.328125,6.328125,6.328125,6.328125,6.328125,6.328125,20210628,6257,500871,1.0,3,45.0,0.0,4000.0,ARI,@ stl,,1,7
89,ARI,6/28/2021,1,572233,Christian Walker,4,N,,L,Wade LeBlanc,R,0.20512821,0.12820513,0.625,0.24615385,0.35897436,0.43076923,0.78974359,0.18461538,0.29166667,11.345189439398803,1.6611929706163786,0.3443483297641461,113.9234202685396,6.328125,6.328125,6.328125,6.328125,6.328125,6.328125,6.328125,6.328125,6.328125,6.328125,6.328125,6.328125,6.328125,20210628,2534,572233,1.0,4,3.0,3.0,3100.0,ARI,@ stl,,1,7
90,ARI,6/28/2021,1,656976,Pavin Smith,5,N,,L,Wade LeBlanc,L,0.125,0.07142857,0.57142857,0.23529412,0.28571429,0.37254902,0.65826331,0.1372549,0.25,5.5046404997600344,-1.0871335243092743,0.2859750496489661,78.77948012559007,4.69565217,4.69565217,4.69565217,4.69565217,4.69565217,4.69565217,4.69565217,4.69565217,4.69565217,4.69565217,4.69565217,4.69565217,4.69565217,20210628,3360,656976,1.0,6,7.0,3.0,2800.0,ARI,@ stl,,1,7
91,ARI,6/28/2021,1,605113,Nick Ahmed,6,N,,L,Wade LeBlanc,R,0.18181818,0.08080808,0.44444444,0.27472527,0.33333333,0.45054945,0.78388278,0.17582418,0.32394366,13.923462956408093,1.7820706956182208,0.3385429346200192,110.84633519538662,6.328125,6.328125,6.328125,6.328125,6.328125,6.328125,6.328125,6.328125,6.328125,6.328125,6.328125,6.328125,6.328125,20210628,2500,605113,1.0,7,6.0,10.0,3100.0,ARI,@ stl,,1,7
92,ARI,6/28/2021,1,641796,Tim Locastro,8,N,,L,Wade LeBlanc,R,0.21590909,0.06818182,0.31578947,0.18421053,0.28735632,0.32894737,0.61630369,0.14473684,0.21818182,8.062924325397738,-2.6976552606313158,0.2781515285886567,71.49034534168297,6.328125,6.328125,6.328125,6.328125,6.328125,6.328125,6.328125,6.328125,6.328125,6.328125,6.328125,6.328125,6.328125,20210628,2852,641796,1.0,2,7.0,2.0,2600.0,ARI,@ stl,,1,7
94,SF,6/28/2021,1,573262,Mike Yastrzemski,2,N,,R,Trevor Bauer,L,0.24548736,0.13357401,0.54411765,0.27350427,0.38628159,0.53846154,0.92474313,0.26495727,0.34193548,51.02100516478215,17.411188807288752,0.39111667565810376,150.37851692326825,11.93023256,11.93023256,11.93023256,11.93023256,11.93023256,11.93023256,11.93023256,11.93023256,11.93023256,11.93023256,11.93023256,11.93023256,11.93023256,20210628,2990,573262,1.0,2,7.0,0.0,4800.0,SFO,@ lad,,2,3
95,SF,6/28/2021,1,457763,Buster Posey,3,N,,R,Trevor Bauer,R,0.17,0.12,0.70588235,0.28735632,0.38,0.52873563,0.90873563,0.24137931,0.296875,18.355417594856288,6.696080759710339,0.3931705385446549,153.78174846100674,11.70386266,11.70386266,11.70386266,11.70386266,11.70386266,11.70386266,11.70386266,11.70386266,11.70386266,11.70386266,11.70386266,11.70386266,11.70386266,20210628,2314,457763,1.0,3,2.0,8.0,4000.0,SFO,@ lad,,2,3
96,SF,6/28/2021,1,543063,Brandon Crawford,4,N,,R,Trevor Bauer,L,0.24100719,0.08633094,0.35820896,0.27530364,0.34892086,0.53441296,0.88333382,0.25910932,0.31325301,46.31755244671229,12.510727211226255,0.3707479186301684,136.80464267933706,11.93023256,11.93023256,11.93023256,11.93023256,11.93023256,11.93023256,11.93023256,11.93023256,11.93023256,11.93023256,11.93023256,11.93023256,11.93023256,20210628,6253,543063,1.0,5,6.0,14.0,4500.0,SFO,@ lad,,2,3
97,SF,6/28/2021,1,527038,Wilmer Flores,5,N,,R,Trevor Bauer,R,0.12888889,0.08888889,0.68965517,0.25247525,0.32444444,0.43564356,0.760088,0.18316831,0.25903614,29.91648142546539,2.3784552788746716,0.3290695553355747,109.03762908057895,11.70386266,11.70386266,11.70386266,11.70386266,11.70386266,11.70386266,11.70386266,11.70386266,11.70386266,11.70386266,11.70386266,11.70386266,11.70386266,20210628,5234,527038,1.0,6,5.0,14.0,4200.0,SFO,@ lad,,2,3
99,SF,6/28/2021,1,456781,Donovan Solano,7,N,,R,Trevor Bauer,R,0.22580645,0.0483871,0.21428571,0.29824561,0.33870968,0.42105263,0.75976231,0.12280702,0.37692308,24.75150456577949,1.8142301246564831,0.3281427971137467,108.06902194899929,11.70386266,11.70386266,11.70386266,11.70386266,11.70386266,11.70386266,11.70386266,11.70386266,11.70386266,11.70386266,11.70386266,11.70386266,11.70386266,20210628,5224,456781,1.0,8,4.0,5.0,3900.0,SFO,@ lad,,2,3
100,SF,6/28/2021,1,621453,Steven Duggar,8,N,,R,Trevor Bauer,L,0.31818182,0.04545455,0.14285714,0.25301205,0.29545455,0.44578313,0.74123768,0.19277108,0.34615385,10.865142398330526,0.3011340580910038,0.31985141607848083,103.90982739697712,11.93023256,11.93023256,11.93023256,11.93023256,11.93023256,11.93023256,11.93023256,11.93023256,11.93023256,11.93023256,11.93023256,11.93023256,11.93023256,20210628,2901,621453,1.0,7,7.0,2.0,2700.0,SFO,@ lad,,2,3
101,LAD,6/28/2021,1,605141,Mookie Betts,1,N,,R,Anthony DeSclafani,R,0.13888889,0.08641975,0.62222222,0.28719723,0.36111111,0.56747405,0.92858516,0.28027682,0.28,60.26169012118351,20.85925846923363,0.3920587827394038,152.1803752072254,7.23529412,7.23529412,7.23529412,7.23529412,7.23529412,7.23529412,7.23529412,7.23529412,7.23529412,7.23529412,7.23529412,7.23529412,7.23529412,20210628,2499,605141,1.0,1,7.0,19.0,5500.0,LAD,v sfo,,3,2
102,LAD,6/28/2021,1,571970,Max Muncy,2,N,,R,Anthony DeSclafani,L,0.24350649,0.17532468,0.72,0.2195122,0.37012987,0.44308943,0.8132193,0.22357723,0.24683544,46.54054925572685,9.12870229017547,0.3524545267863636,126.12617866868557,7.66216216,7.66216216,7.66216216,7.66216216,7.66216216,7.66216216,7.66216216,7.66216216,7.66216216,7.66216216,7.66216216,7.66216216,7.66216216,20210628,2562,571970,1.0,2,34.0,14.0,5400.0,LAD,v sfo,,3,2
103,LAD,6/28/2021,1,457759,Justin Turner,3,N,,R,Anthony DeSclafani,R,0.16996047,0.09881423,0.58139535,0.31531532,0.39525692,0.48648649,0.88174341,0.17117117,0.36046512,45.03656842372809,14.493044605473619,0.3838597576137588,147.0863461763714,7.23529412,7.23529412,7.23529412,7.23529412,7.23529412,7.23529412,7.23529412,7.23529412,7.23529412,7.23529412,7.23529412,7.23529412,7.23529412,20210628,4227,457759,1.0,3,5.0,2.0,5200.0,LAD,v sfo,,3,2
104,LAD,6/28/2021,1,641355,Cody Bellinger,4,N,,R,Anthony DeSclafani,L,0.15254237,0.1299435,0.85185185,0.24675325,0.34463277,0.49350649,0.83813926,0.24675324,0.24576271,27.390633996027336,5.3239987375315305,0.3543112965992519,125.9074226733878,7.66216216,7.66216216,7.66216216,7.66216216,7.66216216,7.66216216,7.66216216,7.66216216,7.66216216,7.66216216,7.66216216,7.66216216,7.66216216,20210628,2769,641355,1.0,4,7.0,0.0,3900.0,LAD,v sfo,,3,2
105,LAD,6/28/2021,1,669257,Will Smith,5,N,,R,Anthony DeSclafani,R,0.13,0.145,1.11538462,0.30864198,0.425,0.60493827,1.02993827,0.29629629,0.2992126,43.34341845538096,19.158044292289787,0.431389537288915,178.21064162418992,7.23529412,7.23529412,7.23529412,7.23529412,7.23529412,7.23529412,7.23529412,7.23529412,7.23529412,7.23529412,7.23529412,7.23529412,7.23529412,20210628,2993,669257,1.0,5,2.0,14.0,4100.0,LAD,v sfo,,3,2
106,LAD,6/28/2021,1,621035,Chris Taylor,6,N,,R,Anthony DeSclafani,R,0.25,0.12676056,0.50704225,0.28333333,0.39222615,0.45,0.84222615,0.16666667,0.37267081,47.43722369350709,12.948708361165902,0.3700797682094911,137.7438220414415,7.23529412,7.23529412,7.23529412,7.23529412,7.23529412,7.23529412,7.23529412,7.23529412,7.23529412,7.23529412,7.23529412,7.23529412,7.23529412,20210628,2508,621035,1.0,6,47.0,0.0,4500.0,LAD,v sfo,,3,2
107,LAD,6/28/2021,1,666158,Gavin Lux,7,N,,R,Anthony DeSclafani,L,0.22674419,0.07558139999999999,0.33333333,0.23417722,0.29069767,0.39873418,0.68943185,0.16455696,0.27192982,18.26886859908386,-2.3034240417213843,0.29679683844248456,90.34882719099492,7.66216216,7.66216216,7.66216216,7.66216216,7.66216216,7.66216216,7.66216216,7.66216216,7.66216216,7.66216216,7.66216216,7.66216216,7.66216216,20210628,3275,666158,1.0,7,6.0,3.0,3700.0,LAD,v sfo,,3,2
108,LAD,6/28/2021,1,572041,AJ Pollock,8,N,,R,Anthony DeSclafani,R,0.2372093,0.05581395,0.23529412,0.25615764,0.29767442,0.48768473,0.78535915,0.23152709,0.28057554,29.40078038726553,2.9929476976822333,0.3339112703190293,113.20635617376095,7.23529412,7.23529412,7.23529412,7.23529412,7.23529412,7.23529412,7.23529412,7.23529412,7.23529412,7.23529412,7.23529412,7.23529412,7.23529412,20210628,7746,572041,1.0,8,7.0,0.0,3200.0,LAD,v sfo,,3,2
